utc_timestamp,actual_MW,forecast_MW
2020-01-01 00:00:00+00:00,41187.0,42018.56388990187
2020-01-01 01:00:00+00:00,40398.0,41147.90945174348
2020-01-01 02:00:00+00:00,38919.0,40225.23392833969
2020-01-01 03:00:00+00:00,38879.0,39805.12948019958
2020-01-01 04:00:00+00:00,39162.0,39464.410120358436
2020-01-01 05:00:00+00:00,37510.0,38888.576088100766
2020-01-01 06:00:00+00:00,37892.0,38679.66516879766
2020-01-01 07:00:00+00:00,38677.0,42405.86468749353
2020-01-01 08:00:00+00:00,41091.0,44638.68529783416
2020-01-01 09:00:00+00:00,43094.0,47429.096168460674
2020-01-01 10:00:00+00:00,45249.0,49301.867116218134
2020-01-01 11:00:00+00:00,46498.0,49775.63289054281
2020-01-01 12:00:00+00:00,46328.0,49130.94270863475
2020-01-01 13:00:00+00:00,45115.0,47719.64489865727
2020-01-01 14:00:00+00:00,45039.0,47228.44631801081
2020-01-01 15:00:00+00:00,47313.0,49633.53702982889
2020-01-01 16:00:00+00:00,51194.0,53430.883763839665
2020-01-01 17:00:00+00:00,51755.0,54260.065862036514
2020-01-01 18:00:00+00:00,50732.0,52650.20164390608
2020-01-01 19:00:00+00:00,48591.0,50357.790003008085
2020-01-01 20:00:00+00:00,47664.0,48281.426743144286
2020-01-01 21:00:00+00:00,46994.0,49555.20005966447
2020-01-01 22:00:00+00:00,44105.0,46275.11932920788
2020-01-01 23:00:00+00:00,42547.0,47430.867349850465
2020-01-02 00:00:00+00:00,41194.0,40874.838875451445
2020-01-02 01:00:00+00:00,40773.0,39501.52854608688
2020-01-02 02:00:00+00:00,40795.0,39751.44938327191
2020-01-02 03:00:00+00:00,41774.0,40626.7816668303
2020-01-02 04:00:00+00:00,43961.0,44479.946691642544
2020-01-02 05:00:00+00:00,47850.0,50219.05959488508
2020-01-02 06:00:00+00:00,52828.0,56494.351971294695
2020-01-02 07:00:00+00:00,56329.0,59735.032292429045
2020-01-02 08:00:00+00:00,58780.0,62184.88866590559
2020-01-02 09:00:00+00:00,59588.0,63743.2806558797
2020-01-02 10:00:00+00:00,60169.0,64939.20021718287
2020-01-02 11:00:00+00:00,60786.0,65386.93329133433
2020-01-02 12:00:00+00:00,60272.0,65334.69929670569
2020-01-02 13:00:00+00:00,59483.0,64075.59859875661
2020-01-02 14:00:00+00:00,59173.0,63760.08833277412
2020-01-02 15:00:00+00:00,60091.0,64784.94727922111
2020-01-02 16:00:00+00:00,62599.0,67704.0212387796
2020-01-02 17:00:00+00:00,62923.0,68091.39374002648
2020-01-02 18:00:00+00:00,61932.0,66240.96021977681
2020-01-02 19:00:00+00:00,58422.0,61896.65238950894
2020-01-02 20:00:00+00:00,55661.0,60155.694543929734
2020-01-02 21:00:00+00:00,54103.0,56505.59430286439
2020-01-02 22:00:00+00:00,50732.0,51809.19088568817
2020-01-02 23:00:00+00:00,47641.0,49769.656839417206
2020-01-03 00:00:00+00:00,46071.0,47603.82517509854
2020-01-03 01:00:00+00:00,45485.0,46597.38407043054
2020-01-03 02:00:00+00:00,45301.0,46872.354080711746
2020-01-03 03:00:00+00:00,46070.0,47634.61670253497
2020-01-03 04:00:00+00:00,47894.0,50172.32937154396
2020-01-03 05:00:00+00:00,51787.0,55352.49842239798
2020-01-03 06:00:00+00:00,55935.0,60983.09224905658
2020-01-03 07:00:00+00:00,59496.0,63804.29248294119
2020-01-03 08:00:00+00:00,60888.0,65556.57639717075
2020-01-03 09:00:00+00:00,61751.0,66646.02039337947
2020-01-03 10:00:00+00:00,63204.0,67312.4857615692
2020-01-03 11:00:00+00:00,63230.0,67087.97619078543
2020-01-03 12:00:00+00:00,61575.0,65919.35406023994
2020-01-03 13:00:00+00:00,60449.0,64795.68307033771
2020-01-03 14:00:00+00:00,59983.0,64417.60379420624
2020-01-03 15:00:00+00:00,60757.0,65279.894014464975
2020-01-03 16:00:00+00:00,62491.0,67530.80364071252
2020-01-03 17:00:00+00:00,62157.0,67097.2685938627
2020-01-03 18:00:00+00:00,60931.0,65348.85932614364
2020-01-03 19:00:00+00:00,56910.0,61168.85254425033
2020-01-03 20:00:00+00:00,53806.0,58072.5333729451
2020-01-03 21:00:00+00:00,52540.0,56081.865642335855
2020-01-03 22:00:00+00:00,49359.0,52880.36902944815
2020-01-03 23:00:00+00:00,46773.0,48216.57799347556
2020-01-04 00:00:00+00:00,45003.0,45159.74255406078
2020-01-04 01:00:00+00:00,44345.0,44709.64693502506
2020-01-04 02:00:00+00:00,43801.0,44120.467282276615
2020-01-04 03:00:00+00:00,44501.0,43790.38078986263
2020-01-04 04:00:00+00:00,45049.0,43588.69704751648
2020-01-04 05:00:00+00:00,46138.0,44493.565724601794
2020-01-04 06:00:00+00:00,48876.0,46628.577467554795
2020-01-04 07:00:00+00:00,51876.0,50759.03483122232
2020-01-04 08:00:00+00:00,55337.0,53089.29622389286
2020-01-04 09:00:00+00:00,57584.0,55077.401942858996
2020-01-04 10:00:00+00:00,59443.0,55635.52504677852
2020-01-04 11:00:00+00:00,59873.0,56314.39825316828
2020-01-04 12:00:00+00:00,58499.0,54788.418318526994
2020-01-04 13:00:00+00:00,57624.0,53471.94212694047
2020-01-04 14:00:00+00:00,56651.0,53621.73696054066
2020-01-04 15:00:00+00:00,58144.0,55134.11994411918
2020-01-04 16:00:00+00:00,60436.0,58224.128210232884
2020-01-04 17:00:00+00:00,59971.0,58516.15798972387
2020-01-04 18:00:00+00:00,58093.0,56535.83211248179
2020-01-04 19:00:00+00:00,54603.0,53118.10544856151
2020-01-04 20:00:00+00:00,52028.0,50836.966963438186
2020-01-04 21:00:00+00:00,50722.0,50169.562719601745
2020-01-04 22:00:00+00:00,47994.0,47527.70474050316
2020-01-04 23:00:00+00:00,44880.0,44577.492359488315
2020-01-05 00:00:00+00:00,42638.0,41824.602055544914
2020-01-05 01:00:00+00:00,41865.0,40612.59436849617
2020-01-05 02:00:00+00:00,40752.0,40392.12312416802
2020-01-05 03:00:00+00:00,40754.0,40393.002120829035
2020-01-05 04:00:00+00:00,40409.0,40268.75829905372
2020-01-05 05:00:00+00:00,39751.0,39673.32794091448
2020-01-05 06:00:00+00:00,41953.0,40733.994727815
2020-01-05 07:00:00+00:00,43752.0,44299.222641561166
2020-01-05 08:00:00+00:00,47044.0,48217.412070515325
2020-01-05 09:00:00+00:00,50397.0,50580.235950150796
2020-01-05 10:00:00+00:00,52744.0,53229.72569005552
2020-01-05 11:00:00+00:00,52825.0,53467.07818069269
2020-01-05 12:00:00+00:00,51568.0,51589.619382803845
2020-01-05 13:00:00+00:00,50470.0,50145.88940211222
2020-01-05 14:00:00+00:00,50177.0,49891.794561242255
2020-01-05 15:00:00+00:00,51651.0,51517.285048754165
2020-01-05 16:00:00+00:00,55601.0,55873.2579813054
2020-01-05 17:00:00+00:00,56412.0,56495.804209582624
2020-01-05 18:00:00+00:00,54808.0,55195.07195183502
2020-01-05 19:00:00+00:00,52478.0,52915.21916397755
2020-01-05 20:00:00+00:00,50972.0,51052.36255013586
2020-01-05 21:00:00+00:00,50438.0,52364.492940058684
2020-01-05 22:00:00+00:00,47398.0,48649.98604717608
2020-01-05 23:00:00+00:00,45225.0,43481.891485148844
2020-01-06 00:00:00+00:00,43646.0,41291.92014307727
2020-01-06 01:00:00+00:00,42812.0,40746.5471535439
2020-01-06 02:00:00+00:00,43212.0,40577.06654195511
2020-01-06 03:00:00+00:00,44464.0,42075.443677691
2020-01-06 04:00:00+00:00,47111.0,45422.17341456678
2020-01-06 05:00:00+00:00,51821.0,51630.68674107932
2020-01-06 06:00:00+00:00,57075.0,58251.14103263115
2020-01-06 07:00:00+00:00,59509.0,60835.409978737254
2020-01-06 08:00:00+00:00,61130.0,62260.195611345385
2020-01-06 09:00:00+00:00,62336.0,63069.26535612536
2020-01-06 10:00:00+00:00,63191.0,64393.61741451207
2020-01-06 11:00:00+00:00,63404.0,64236.88869544967
2020-01-06 12:00:00+00:00,62372.0,63651.33829830029
2020-01-06 13:00:00+00:00,61577.0,62568.3174540699
2020-01-06 14:00:00+00:00,61264.0,61914.5688744293
2020-01-06 15:00:00+00:00,62276.0,63186.760218456926
2020-01-06 16:00:00+00:00,66018.0,65841.16194614234
2020-01-06 17:00:00+00:00,66215.0,65795.19960928007
2020-01-06 18:00:00+00:00,64831.0,64197.70958089511
2020-01-06 19:00:00+00:00,61350.0,61127.54839866889
2020-01-06 20:00:00+00:00,58821.0,58106.71826111144
2020-01-06 21:00:00+00:00,56577.0,55075.693531889985
2020-01-06 22:00:00+00:00,52904.0,50901.37208802841
2020-01-06 23:00:00+00:00,50708.0,50349.5432664693
2020-01-07 00:00:00+00:00,49617.0,48494.82632521618
2020-01-07 01:00:00+00:00,48105.0,47523.967566525556
2020-01-07 02:00:00+00:00,48553.0,47838.01478977858
2020-01-07 03:00:00+00:00,50054.0,48825.39979260403
2020-01-07 04:00:00+00:00,53241.0,51516.65809925033
2020-01-07 05:00:00+00:00,60420.0,59903.35623551396
2020-01-07 06:00:00+00:00,66527.0,66716.20500599066
2020-01-07 07:00:00+00:00,69198.0,68485.5085686142
2020-01-07 08:00:00+00:00,69408.0,68591.14749164064
2020-01-07 09:00:00+00:00,69896.0,70219.98404736722
2020-01-07 10:00:00+00:00,70089.0,71054.26169192843
2020-01-07 11:00:00+00:00,69367.0,70506.91339774641
2020-01-07 12:00:00+00:00,69465.0,69863.42171421128
2020-01-07 13:00:00+00:00,68854.0,68548.92041623458
2020-01-07 14:00:00+00:00,68089.0,68471.08601803468
2020-01-07 15:00:00+00:00,68574.0,68655.64548281152
2020-01-07 16:00:00+00:00,70914.0,71749.895369561
2020-01-07 17:00:00+00:00,70678.0,72009.48138398491
2020-01-07 18:00:00+00:00,68990.0,69880.02967586012
2020-01-07 19:00:00+00:00,65235.0,66035.92059498043
2020-01-07 20:00:00+00:00,61997.0,63187.47151245136
2020-01-07 21:00:00+00:00,59030.0,59440.33812899575
2020-01-07 22:00:00+00:00,55343.0,55619.20335944423
2020-01-07 23:00:00+00:00,52694.0,50949.43245504611
