utc_timestamp,point_mw,q0.025_mw,q0.1_mw,q0.5_mw,q0.9_mw,q0.975_mw
2020-01-01 00:00:00,41363.188,36280.77311883553,38039.97536023396,41363.1875,44686.39963976604,46445.60188116447
2020-01-01 01:00:00,40315.79,35453.13707862258,37136.27183065705,40315.7890625,43495.30629434295,45178.44104637742
2020-01-01 02:00:00,41897.797,36336.14115368506,38261.2256660939,41897.796875,45534.3680839061,47459.452596314935
2020-01-01 03:00:00,44320.305,37206.38715785293,39668.764037168185,44320.3046875,48971.845337831815,51434.222217147064
2020-01-01 04:00:00,48855.39,36997.682208584825,41102.05183679039,48855.390625,56608.72941320961,60713.099041415175
2020-01-01 05:00:00,52494.55,37839.64167515464,42912.22077112093,52494.55078125,62076.88079137907,67149.45988734535
2020-01-01 06:00:00,55018.926,39635.43738743479,44960.203381176136,55018.92578125,65077.648181323864,70402.4141750652
2020-01-01 07:00:00,56741.887,43902.95602035583,48346.96116591802,56741.88671875,65136.81227158198,69580.81741714416
2020-01-01 08:00:00,60933.64,49217.92145491991,53273.14361468354,60933.640625,68594.13763531647,72649.35979508009
2020-01-01 09:00:00,61252.73,49984.193159572285,53884.629960840226,61252.73046875,68620.83097665978,72521.26777792771
2020-01-01 10:00:00,59333.44,48262.1235589893,52094.29577310795,59333.44140625,66572.58703939205,70404.7592535107
2020-01-01 11:00:00,58806.85,46809.0784542287,50961.92939493158,58806.8515625,66651.77373006841,70804.6246707713
2020-01-01 12:00:00,58089.52,46698.86057940861,50641.56797323063,58089.51953125,65537.47108926937,69480.17848309138
2020-01-01 13:00:00,57454.496,45691.25832419512,49762.928341302686,57454.49609375,65146.063846197314,69217.73386330488
2020-01-01 14:00:00,55633.812,44408.814527480805,48294.180834118764,55633.8125,62973.444165881236,66858.8104725192
2020-01-01 15:00:00,56127.72,46498.95066459307,49831.80570697798,56127.71875,62423.63179302202,65756.48683540693
2020-01-01 16:00:00,56213.055,45896.997668920565,49467.74756620088,56213.0546875,62958.36180879912,66529.11170607943
2020-01-01 17:00:00,56467.434,46724.88711080499,50097.12485537836,56467.43359375,62837.74233212164,66209.980076695
2020-01-01 18:00:00,55015.996,44726.23781066625,48287.88479130887,55015.99609375,61744.10739619113,65305.75437683375
2020-01-01 19:00:00,52495.914,44323.17814744987,47152.049282671935,52495.9140625,57839.778842328065,60668.64997755013
2020-01-01 20:00:00,49883.734,43484.258648716524,45699.342110461606,49883.734375,54068.126639538394,56283.21010128347
2020-01-01 21:00:00,46889.535,40361.477945068655,42621.067977799554,46889.53515625,51158.002334700446,53417.592367431345
2020-01-01 22:00:00,43336.7,36949.002416647054,39160.00877875688,43336.69921875,47513.38965874312,49724.396020852946
2020-01-01 23:00:00,41619.95,35500.546890879414,37618.68710610961,41619.94921875,45621.21133139039,47739.351546620586
2020-01-02 00:00:00,40333.344,34317.06251550156,36399.50889607158,40333.34375,44267.17860392842,46349.62498449844
2020-01-02 01:00:00,40374.81,34220.41593228432,36350.667531725114,40374.80859375,44398.949655774886,46529.20125521568
2020-01-02 02:00:00,40644.04,34812.946671144324,36831.29268454514,40644.0390625,44456.78544045486,46475.131453855676
2020-01-02 03:00:00,42107.844,34952.30713161188,37429.08984026477,42107.84375,46786.59765973523,49263.38036838812
2020-01-02 04:00:00,47288.785,35509.0360299445,39586.42120792362,47288.78515625,54991.14910457638,59068.5342825555
2020-01-02 05:00:00,50048.27,35901.11455191322,40797.942099327425,50048.26953125,59298.596963172575,64195.42451058678
2020-01-02 06:00:00,53901.67,38201.985209477745,43636.19853800841,53901.671875,64167.14521199159,69601.35854052225
2020-01-02 07:00:00,56760.527,42377.487636430094,47355.96317848981,56760.52734375,66165.09150901019,71143.5670510699
2020-01-02 08:00:00,57566.805,45255.593334929574,49516.936267933306,57566.8046875,65616.67310706669,69878.01604007042
2020-01-02 09:00:00,60684.457,49209.50240182743,53181.387492275404,60684.45703125,68187.5265702246,72159.41166067257
2020-01-02 10:00:00,59448.156,48140.31151858741,52054.35400017049,59448.15625,66841.9584998295,70756.00098141258
2020-01-02 11:00:00,56975.215,44983.83937182472,49134.475865740016,56975.21484375,64815.953821759984,68966.59031567528
2020-01-02 12:00:00,57984.32,44843.50730980345,49392.00453069414,57984.3203125,66576.63609430587,71125.13331519655
2020-01-02 13:00:00,56152.2,43115.66338193209,47628.066610837355,56152.19921875,64676.331826662645,69188.7350555679
2020-01-02 14:00:00,54100.812,42725.2303414264,46662.719127216755,54100.8125,61538.905872783245,65476.3946585736
2020-01-02 15:00:00,55150.125,43217.86904718847,47348.042197752475,55150.125,62952.207802247525,67082.38095281152
2020-01-02 16:00:00,55456.445,44490.9616923498,48286.50096086696,55456.4453125,62626.38966413304,66421.92893265019
2020-01-02 17:00:00,56199.914,46104.78364833027,49599.06308324481,56199.9140625,62800.76504175519,66295.04447666973
2020-01-02 18:00:00,53058.477,42826.385051787554,46368.07153578398,53058.4765625,59748.88158921602,63290.568073212446
2020-01-02 19:00:00,52972.67,44234.218386584056,47258.904256384216,52972.671875,58686.439493615784,61711.125363415944
2020-01-02 20:00:00,49286.855,41689.091449199725,44318.94460370517,49286.85546875,54254.76633379483,56884.619488300275
2020-01-02 21:00:00,45862.348,38582.72033958386,41102.45520014243,45862.34765625,50622.24011235757,53141.97497291614
2020-01-02 22:00:00,42973.438,35687.6843388685,38209.5395694925,42973.4375,47737.3354305075,50259.19066113149
2020-01-02 23:00:00,41746.75,35293.97866125703,37527.50960757616,41746.75,45965.99039242384,48199.52133874296
2020-01-03 00:00:00,40995.51,34713.90131685811,36888.18744739358,40995.51171875,45102.83599010642,47277.122120641885
2020-01-03 01:00:00,40001.246,33765.86950048854,35924.152484945946,40001.24609375,44078.339702554054,46236.622687011455
2020-01-03 02:00:00,41492.195,35020.67320503189,37260.69445141224,41492.1953125,45723.69617358776,47963.71741996811
2020-01-03 03:00:00,43698.613,36123.29171063501,38745.3767448125,43698.61328125,48651.8498176875,51273.93485186499
2020-01-03 04:00:00,50067.0,37800.96830550875,42046.672970988875,50067.0,58087.327029011125,62333.03169449125
2020-01-03 05:00:00,54521.62,38551.97331469896,44079.629672544645,54521.62109375,64963.612514955355,70491.26887280104
2020-01-03 06:00:00,57270.582,42069.45354818581,47331.098367683015,57270.58203125,67210.06569481699,72471.71051431418
2020-01-03 07:00:00,59585.855,45510.591355877405,50382.53494776673,59585.85546875,68789.17598973327,73661.1195816226
2020-01-03 08:00:00,61758.543,47530.107861888326,52455.06931807094,61758.54296875,71062.01661942905,75986.97807561167
2020-01-03 09:00:00,63856.348,50651.47215886345,55222.1436606758,63856.34765625,72490.55165182421,77061.22315363654
2020-01-03 10:00:00,60525.566,47022.095946498026,51696.121659059165,60525.56640625,69355.01115344084,74029.03686600197
2020-01-03 11:00:00,62007.27,47703.0896638979,52654.26904377497,62007.26953125,71360.27001872503,76311.4493986021
2020-01-03 12:00:00,60698.47,46860.95554175596,51650.60518967506,60698.46875,69746.33231032494,74535.98195824404
2020-01-03 13:00:00,59030.387,45926.83408606032,50462.434183356694,59030.38671875,67598.33925414331,72133.93935143968
2020-01-03 14:00:00,58187.91,43847.81260906208,48811.42436027572,58187.91015625,67564.39595222428,72528.00770343792
2020-01-03 15:00:00,57877.24,45878.4296841939,50031.63904395799,57877.23828125,65722.83751854202,69876.04687830611
2020-01-03 16:00:00,57853.805,45620.21671324308,49854.691466898796,57853.8046875,65852.9179081012,70087.39266175692
2020-01-03 17:00:00,58173.527,46502.786858879575,50542.44031489303,58173.52734375,65804.61437260697,69844.26782862042
2020-01-03 18:00:00,55263.473,42666.696082353956,47026.88317479562,55263.47265625,63500.06213770438,67860.24923014604
2020-01-03 19:00:00,54322.793,44959.604788316574,48200.533291647276,54322.79296875,60445.052645852724,63685.981149183426
2020-01-03 20:00:00,50511.457,42154.8280695586,45047.351051239275,50511.45703125,55975.563011260725,58868.0859929414
2020-01-03 21:00:00,47097.574,39094.37136030793,41864.56114631114,47097.57421875,52330.58729118886,55100.77707719207
2020-01-03 22:00:00,44672.09,37858.64015220944,40217.01455265874,44672.08984375,49127.16513484126,51485.539535290554
2020-01-03 23:00:00,42509.89,35732.709837310074,38078.530295447315,42509.890625,46941.250954552685,49287.071412689926
2020-01-04 00:00:00,41842.63,35339.63492592369,37590.54969359548,41842.62890625,46094.70811890452,48345.622886576304
2020-01-04 01:00:00,41815.75,35082.351630439334,37413.017454906345,41815.75,46218.482545093655,48549.148369560666
2020-01-04 02:00:00,41958.234,34556.66772677324,37118.610075605706,41958.234375,46797.858674394294,49359.80102322676
2020-01-04 03:00:00,45981.28,37400.59912025754,40370.67477786496,45981.28125,51591.88772213504,54561.963379742454
2020-01-04 04:00:00,51855.867,40424.52462777444,44381.31404813157,51855.8671875,59330.42032686843,63287.209747225555
2020-01-04 05:00:00,56789.164,42460.55067928399,47420.18735773009,56789.1640625,66158.14076726991,71117.77744571601
2020-01-04 06:00:00,60152.805,45037.39687536317,50269.37075795518,60152.8046875,70036.23861704482,75268.21249963682
2020-01-04 07:00:00,63577.43,42800.35870463298,49992.03319268988,63577.4296875,77162.82618231012,84354.50067036702
2020-01-04 08:00:00,62922.883,50572.87221195046,54847.64492829937,62922.8828125,70998.12069670063,75272.89341304953
2020-01-04 09:00:00,64682.527,52524.92625444057,56733.099276617664,64682.52734375,72631.95541088234,76840.12843305942
2020-01-04 10:00:00,63923.81,51687.89986135708,55923.17791096792,63923.80859375,71924.43927653208,76159.71732614291
2020-01-04 11:00:00,62500.703,49091.626751015174,53732.97935296342,62500.703125,71268.42689703658,75909.77949898482
2020-01-04 12:00:00,61685.63,49034.71215533569,53413.639065827854,61685.62890625,69957.61874667215,74336.5456571643
2020-01-04 13:00:00,60911.54,48499.602978772906,52795.81028125264,60911.5390625,69027.26784374735,73323.4751462271
2020-01-04 14:00:00,59552.83,47739.18157470407,51828.29984246873,59552.828125,67277.35640753126,71366.47467529593
2020-01-04 15:00:00,59331.992,48439.465547036045,52209.751840773075,59331.9921875,66454.23253422693,70224.51882796396
2020-01-04 16:00:00,59734.61,48712.96915004081,52527.94619313522,59734.609375,66941.27255686477,70756.24959995919
2020-01-04 17:00:00,59743.008,48430.49476843283,52346.15311709592,59743.0078125,67139.86250790408,71055.52085656716
2020-01-04 18:00:00,56698.758,45588.934520455135,49434.43482230732,56698.7578125,63963.08080269268,67808.58110454486
2020-01-04 19:00:00,55883.93,47406.09398820802,50340.570881645624,55883.9296875,61427.288493354376,64361.76538679197
2020-01-04 20:00:00,52773.164,42158.69487116503,45832.73570928591,52773.1640625,59713.59241571409,63387.63325383497
2020-01-04 21:00:00,47453.535,40428.920399675866,42860.386450638514,47453.53515625,52046.683861861486,54478.149912824134
2020-01-04 22:00:00,45391.133,38150.82248820537,40656.94835588817,45391.1328125,50125.31726911183,52631.44313679463
2020-01-04 23:00:00,43541.57,36645.76863813051,39032.64795413985,43541.5703125,48050.49267086015,50437.37198686949
2020-01-05 00:00:00,42190.613,35271.185332042456,37666.24253213088,42190.61328125,46714.98403036912,49110.041230457544
2020-01-05 01:00:00,41415.496,35321.78719023241,37431.034008285365,41415.49609375,45399.958179214635,47509.20499726759
2020-01-05 02:00:00,42960.957,36493.9013065533,38732.37658088313,42960.95703125,47189.53748161687,49428.0127559467
2020-01-05 03:00:00,46142.117,38248.6488653574,40980.85567167043,46142.1171875,51303.37870332957,54035.5855096426
2020-01-05 04:00:00,51289.0,39591.07171393973,43640.135823474295,51289.0,58937.864176525705,62986.92828606027
2020-01-05 05:00:00,56262.33,42379.913749653104,47185.105269581196,56262.328125,65339.550980418804,70144.7425003469
2020-01-05 06:00:00,59478.34,46369.36764267924,50906.84364306583,59478.33984375,68049.83604443417,72587.31204482075
2020-01-05 07:00:00,62734.1,49550.48038158447,54113.79501747228,62734.1015625,71354.40810752772,75917.72274341552
2020-01-05 08:00:00,65034.56,52347.98542773022,56739.254276653504,65034.55859375,73329.8629108465,77721.13175976978
2020-01-05 09:00:00,63046.965,50391.40179149539,54771.93695017809,63046.96484375,71321.99273732191,75702.52789600461
2020-01-05 10:00:00,63939.81,51995.121990452535,56129.59782603135,63939.80859375,71750.01936146864,75884.49519704746
2020-01-05 11:00:00,64188.008,51901.24815905311,56154.1274996226,64188.0078125,72221.8881253774,76474.76746594689
2020-01-05 12:00:00,62182.047,50140.60044815717,54308.568259338994,62182.046875,70055.525490661,74223.49330184283
2020-01-05 13:00:00,59224.59,45726.660493114476,50398.76823306527,59224.58984375,68050.41145443474,72722.51919438553
2020-01-05 14:00:00,59866.766,48571.071139069696,52480.90799366471,59866.765625,67252.6232563353,71162.4601109303
2020-01-05 15:00:00,60438.348,49581.591315517566,53339.49625135186,60438.34765625,67537.19906114813,71295.10399698243
2020-01-05 16:00:00,58388.07,46486.72781507354,50606.20073225942,58388.0703125,66169.93989274059,70289.41280992646
2020-01-05 17:00:00,59641.88,49059.3854554675,52722.35836597926,59641.87890625,66561.39944652075,70224.3723570325
2020-01-05 18:00:00,58252.168,47426.59591826964,51173.70687525971,58252.16796875,65330.62906224029,69077.74001923036
2020-01-05 19:00:00,56156.473,47369.12055465531,50410.731953043636,56156.47265625,61902.213359456364,64943.82475784469
2020-01-05 20:00:00,51267.13,42862.23487442564,45771.46409318014,51267.12890625,56762.79371931986,59672.02293807436
2020-01-05 21:00:00,48841.14,41022.77682120639,43728.987314131766,48841.140625,53953.293935868234,56659.50442879361
2020-01-05 22:00:00,44630.45,37291.56074494778,39831.80797475512,44630.44921875,49429.09046274488,51969.33769255222
2020-01-05 23:00:00,43117.594,36315.35308100286,38669.847644803,43117.59375,47565.339855197,49919.83441899714
2020-01-06 00:00:00,41609.305,34689.78151543286,37084.871675499635,41609.3046875,46133.737699500365,48528.82785956714
2020-01-06 01:00:00,42890.31,36311.66076923138,38588.76199127154,42890.30859375,47191.85519622846,49468.95641826862
2020-01-06 02:00:00,43518.305,36675.87614369681,39044.28114339092,43518.3046875,47992.32823160908,50360.73323130319
2020-01-06 03:00:00,45840.418,37872.37292129428,40630.3933532757,45840.41796875,51050.4425842243,53808.463016205715
2020-01-06 04:00:00,52962.566,41412.22206840647,45410.20218654916,52962.56640625,60514.93062595084,64512.91074409353
2020-01-06 05:00:00,58197.984,46096.98777289447,50285.56799265637,58197.984375,66110.40075734362,70298.98097710553
2020-01-06 06:00:00,60791.887,47661.24198623691,52206.219611448,60791.88671875,69377.553826052,73922.53145126309
2020-01-06 07:00:00,64333.293,51619.63440200246,56020.278460048015,64333.29296875,72646.30747745198,77046.95153549753
2020-01-06 08:00:00,63684.637,52225.99917230419,56192.2363468616,63684.63671875,71177.03709063839,75143.27426519581
2020-01-06 09:00:00,63712.82,52247.68272924609,56216.16979498994,63712.8203125,71209.47083001006,75177.9578957539
2020-01-06 10:00:00,64550.223,53623.846442478825,57405.849263198215,64550.22265625,71694.59604930179,75476.59887002117
2020-01-06 11:00:00,63374.305,51504.064177150474,55612.77160351363,63374.3046875,71135.83777148636,75244.54519784953
2020-01-06 12:00:00,60706.09,47394.321662140195,52001.99247876079,60706.08984375,69410.18720873921,74017.8580253598
2020-01-06 13:00:00,60942.285,49423.346178815,53410.4557979627,60942.28515625,68474.1145145373,72461.224133685
2020-01-06 14:00:00,59948.855,48989.510134242795,52782.92472636569,59948.85546875,67114.78621113431,70908.2008032572
2020-01-06 15:00:00,59009.22,48657.33783892385,52240.48764444647,59009.21875,65777.94985555354,69361.09966107615
2020-01-06 16:00:00,59777.32,49879.43328558889,53305.43985195254,59777.3203125,66249.20077304746,69675.2073394111
2020-01-06 17:00:00,59242.84,48599.61239180203,52283.60747464498,59242.83984375,66202.07221285501,69886.06729569797
2020-01-06 18:00:00,57987.723,48628.7482069806,51868.21818986168,57987.72265625,64107.22712263832,67346.6971055194
2020-01-06 19:00:00,54215.17,46356.0900108303,49076.39445550909,54215.171875,59353.94929449091,62074.2537391697
2020-01-06 20:00:00,51208.81,43200.4115436448,45972.39922193517,51208.80859375,56445.21796556483,59217.205643855195
2020-01-06 21:00:00,48279.676,40370.852174863285,43108.373984722595,48279.67578125,53450.977577777405,56188.499387636715
2020-01-06 22:00:00,45779.863,38733.10131445603,41172.2332932509,45779.86328125,50387.4932692491,52826.62524804397
2020-01-06 23:00:00,42481.48,35565.08051077638,37959.08961667842,42481.48046875,47003.87132082158,49397.88042672362
2020-01-07 00:00:00,41781.785,34421.724190645065,36969.299963983474,41781.78515625,46594.270348516526,49141.846121854935
2020-01-07 01:00:00,41976.934,36139.164118058325,38159.8213050174,41976.93359375,45794.0458824826,47814.703069441675
2020-01-07 02:00:00,42889.727,36327.331222535795,38598.80688846971,42889.7265625,47180.64623653029,49452.121902464205
2020-01-07 03:00:00,45852.734,38123.71928093521,40799.00304521691,45852.734375,50906.46570478309,53581.74946906479
2020-01-07 04:00:00,50046.785,39008.35221252288,42829.141805771644,50046.78515625,57264.428506728356,61085.21809997712
2020-01-07 05:00:00,55421.01,41659.562913560265,46422.88399825955,55421.01171875,64419.13943924045,69182.46052393972
2020-01-07 06:00:00,57813.59,44367.06361105276,49021.378925296,57813.58984375,66605.800762204,71260.11607644723
2020-01-07 07:00:00,60464.75,46529.924771326274,51353.25752959729,60464.75,69576.2424704027,74399.57522867373
2020-01-07 08:00:00,60910.695,48503.696462267166,52798.194814712915,60910.6953125,69023.19581028708,73317.69416273283
2020-01-07 09:00:00,63473.96,52875.29299877672,56543.86446802551,63473.9609375,70404.05740697449,74072.62887622327
2020-01-07 10:00:00,61763.953,46008.082101272485,51461.74281080626,61763.953125,72066.16343919374,77519.82414872751
2020-01-07 11:00:00,62044.4,49099.90434686233,53580.44869255992,62044.3984375,70508.34818244008,74988.89252813767
2020-01-07 12:00:00,59868.92,47425.30959599737,51732.48114293821,59868.921875,68005.36260706179,72312.53415400263
2020-01-07 13:00:00,58086.92,45676.23947917318,49972.01283620912,58086.921875,66201.83091379088,70497.60427082682
2020-01-07 14:00:00,57784.7,45230.36715788048,49575.86271262934,57784.69921875,65993.53572487066,70339.03127961952
2020-01-07 15:00:00,56068.812,41528.14594306992,46561.18167765673,56068.8125,65576.44332234327,70609.47905693008
2020-01-07 16:00:00,57333.008,47098.426152232976,50640.97456450783,57333.0078125,64025.04106049217,67567.58947276702
2020-01-07 17:00:00,58462.785,47687.83530055783,51417.42413678854,58462.78515625,65508.14617571146,69237.73501194216
2020-01-07 18:00:00,57090.305,46558.028614725685,50203.61952579313,57090.3046875,63976.98984920687,67622.58076027432
2020-01-07 19:00:00,54532.5,45773.96645087916,48805.60273541339,54532.5,60259.39726458661,63291.03354912084
2020-01-07 20:00:00,50303.31,43003.92707953167,45530.49956213453,50303.30859375,55076.11762536547,57602.69010796833
2020-01-07 21:00:00,47983.668,39662.633216275884,42542.83579116959,47983.66796875,53424.50014633041,56304.702721224116
2020-01-07 22:00:00,43289.94,35688.77424610938,38319.80534717828,43289.94140625,48260.07746532172,50891.10856639062
2020-01-07 23:00:00,41696.805,34664.18881818527,37098.42433547067,41696.8046875,46295.18503952933,48729.42055681473
