ds,trend
2015-01-01,54019.146785670004
2015-01-02,54032.9821806048
2015-01-03,54046.8175755396
2015-01-04,54060.652970474395
2015-01-05,54074.48836540919
2015-01-06,54088.32376034399
2015-01-07,54102.15915527879
2015-01-08,54115.99455021358
2015-01-09,54129.829945148376
2015-01-10,54143.66534008317
2015-01-11,54157.500735017966
2015-01-12,54171.33612995277
2015-01-13,54185.17152488756
2015-01-14,54199.00691982236
2015-01-15,54212.84231475716
2015-01-16,54226.677709691954
2015-01-17,54240.51310462675
2015-01-18,54254.34849956155
2015-01-19,54268.183894496346
2015-01-20,54282.01928943114
2015-01-21,54295.85468436594
2015-01-22,54309.69007930074
2015-01-23,54323.52547423554
2015-01-24,54337.360869170334
2015-01-25,54351.19626410512
2015-01-26,54365.031659039916
2015-01-27,54378.86705397472
2015-01-28,54392.70244890951
2015-01-29,54406.537843844315
2015-01-30,54420.37323877911
2015-01-31,54434.208633713904
2015-02-01,54448.04402864871
2015-02-02,54461.8794235835
2015-02-03,54475.714818518296
2015-02-04,54489.5502134531
2015-02-05,54503.38560838789
2015-02-06,54517.22100332269
2015-02-07,54531.05639825749
2015-02-08,54544.891793192284
2015-02-09,54558.72718812708
2015-02-10,54572.562583061874
2015-02-11,54586.39797799667
2015-02-12,54600.23337293146
2015-02-13,54614.068767866265
2015-02-14,54627.90416280106
2015-02-15,54641.739557735855
2015-02-16,54655.57495267066
2015-02-17,54669.41034760545
2015-02-18,54683.245742540246
2015-02-19,54697.08113747505
2015-02-20,54710.91653240984
2015-02-21,54724.751927344645
2015-02-22,54738.58732227944
2015-02-23,54752.422717214235
2015-02-24,54766.25811214904
2015-02-25,54780.09350708383
2015-02-26,54793.92890201862
2015-02-27,54807.76429695341
2015-02-28,54821.599691888216
2015-03-01,54827.218100215534
2015-03-02,54826.967232394665
2015-03-03,54826.71636457378
2015-03-04,54826.4654967529
2015-03-05,54826.21462893202
2015-03-06,54825.96376111114
2015-03-07,54825.712893290256
2015-03-08,54825.46202546939
2015-03-09,54825.211157648504
2015-03-10,54824.96028982762
2015-03-11,54824.70942200674
2015-03-12,54824.45855418586
2015-03-13,54824.207686364985
2015-03-14,54823.95681854411
2015-03-15,54823.705950723226
2015-03-16,54823.45508290234
2015-03-17,54823.20421508146
2015-03-18,54822.95334726059
2015-03-19,54822.70247943971
2015-03-20,54822.45161161883
2015-03-21,54822.20074379795
2015-03-22,54821.949875977065
2015-03-23,54821.699008156196
2015-03-24,54821.44814033531
2015-03-25,54821.19727251443
2015-03-26,54820.94640469355
2015-03-27,54820.69553687267
2015-03-28,54820.444669051794
2015-03-29,54820.19380123092
2015-03-30,54819.942933410035
2015-03-31,54819.69206558915
2015-04-01,54819.441197768276
2015-04-02,54819.19032994739
2015-04-03,54818.93946212652
2015-04-04,54818.68859430564
2015-04-05,54818.43772648476
2015-04-06,54818.186858663874
2015-04-07,54817.935990843
2015-04-08,54817.68512302212
2015-04-09,54817.43425520124
2015-04-10,54817.18338738036
2015-04-11,54816.93251955948
2015-04-12,54816.681651738596
2015-04-13,54816.43078391773
2015-04-14,54816.179916096844
2015-04-15,54815.92904827596
2015-04-16,54815.678180455085
2015-04-17,54815.4273126342
2015-04-18,54815.176444813325
2015-04-19,54814.92557699245
2015-04-20,54814.674709171566
2015-04-21,54814.42384135068
2015-04-22,54814.17297352981
2015-04-23,54813.92210570893
2015-04-24,54813.67123788805
2015-04-25,54813.42037006717
2015-04-26,54813.16950224629
2015-04-27,54812.918634425405
2015-04-28,54813.33939905806
2015-04-29,54818.46159086541
2015-04-30,54823.58378267276
2015-05-01,54828.7059744801
2015-05-02,54833.82816628746
2015-05-03,54838.9503580948
2015-05-04,54844.07254990215
2015-05-05,54849.1947417095
2015-05-06,54854.31693351685
2015-05-07,54859.43912532419
2015-05-08,54864.56131713155
2015-05-09,54869.68350893889
2015-05-10,54874.80570074625
2015-05-11,54879.92789255359
2015-05-12,54885.05008436094
2015-05-13,54890.17227616829
2015-05-14,54895.29446797564
2015-05-15,54900.41665978298
2015-05-16,54905.53885159034
2015-05-17,54910.66104339768
2015-05-18,54915.78323520503
2015-05-19,54920.90542701238
2015-05-20,54926.02761881973
2015-05-21,54931.149810627074
2015-05-22,54936.27200243443
2015-05-23,54941.39419424177
2015-05-24,54946.51638604912
2015-05-25,54951.63857785647
2015-05-26,54956.76076966382
2015-05-27,54961.882961471165
2015-05-28,54967.00515327852
2015-05-29,54972.127345085864
2015-05-30,54977.24953689322
2015-05-31,54982.371728700564
2015-06-01,54987.49392050791
2015-06-02,54992.61611231526
2015-06-03,54997.73830412261
2015-06-04,55002.860495929956
2015-06-05,55007.98268773731
2015-06-06,55013.104879544655
2015-06-07,55018.227071352005
2015-06-08,55023.349263159354
2015-06-09,55028.471454966704
2015-06-10,55033.59364677405
2015-06-11,55038.715838581404
2015-06-12,55043.838030388746
2015-06-13,55048.9602221961
2015-06-14,55054.082414003446
2015-06-15,55059.204605810795
2015-06-16,55064.326797618145
2015-06-17,55069.448989425495
2015-06-18,55074.57118123284
2015-06-19,55079.693373040194
2015-06-20,55084.81556484754
2015-06-21,55089.93775665489
2015-06-22,55095.059948462236
2015-06-23,55100.182140269586
2015-06-24,55105.30433207693
2015-06-25,55110.426523884285
2015-06-26,55123.07031401194
2015-06-27,55138.81123285973
2015-06-28,55154.55215170751
2015-06-29,55170.29307055529
2015-06-30,55186.03398940309
2015-07-01,55201.774908250874
2015-07-02,55217.51582709866
2015-07-03,55233.25674594644
2015-07-04,55248.99766479424
2015-07-05,55264.73858364202
2015-07-06,55280.479502489805
2015-07-07,55296.220421337595
2015-07-08,55311.96134018538
2015-07-09,55327.70225903317
2015-07-10,55343.44317788096
2015-07-11,55359.18409672874
2015-07-12,55374.925015576526
2015-07-13,55390.66593442431
2015-07-14,55406.40685327211
2015-07-15,55422.14777211989
2015-07-16,55437.88869096767
2015-07-17,55453.62960981546
2015-07-18,55469.37052866325
2015-07-19,55485.11144751104
2015-07-20,55500.85236635882
2015-07-21,55516.59328520661
2015-07-22,55532.334204054394
2015-07-23,55548.07512290218
2015-07-24,55563.816041749975
2015-07-25,55579.55696059776
2015-07-26,55595.29787944554
2015-07-27,55611.038798293324
2015-07-28,55626.779717141115
2015-07-29,55642.520635988905
2015-07-30,55658.26155483669
2015-07-31,55674.00247368448
2015-08-01,55689.74339253226
2015-08-02,55705.484311380045
2015-08-03,55721.225230227836
2015-08-04,55736.966149075626
2015-08-05,55752.70706792341
2015-08-06,55768.44798677119
2015-08-07,55784.18890561899
2015-08-08,55799.92982446677
2015-08-09,55815.67074331456
2015-08-10,55831.41166216235
2015-08-11,55847.15258101013
2015-08-12,55862.89349985791
2015-08-13,55878.634418705704
2015-08-14,55894.375337553494
2015-08-15,55910.11625640128
2015-08-16,55925.85717524906
2015-08-17,55941.59809409686
2015-08-18,55957.33901294464
2015-08-19,55973.079931792425
2015-08-20,55988.820850640215
2015-08-21,56004.561769488
2015-08-22,56020.30268833578
2015-08-23,56028.52386111696
2015-08-24,56018.48279345065
2015-08-25,56008.44172578434
2015-08-26,55998.40065811802
2015-08-27,55988.359590451706
2015-08-28,55978.31852278539
2015-08-29,55968.27745511908
2015-08-30,55958.23638745276
2015-08-31,55948.19531978645
2015-09-01,55938.15425212014
2015-09-02,55928.113184453825
2015-09-03,55918.07211678751
2015-09-04,55908.03104912119
2015-09-05,55897.989981454884
2015-09-06,55887.94891378856
2015-09-07,55877.90784612225
2015-09-08,55867.86677845594
2015-09-09,55857.82571078962
2015-09-10,55847.784643123305
2015-09-11,55837.743575456996
2015-09-12,55827.70250779069
2015-09-13,55817.661440124364
2015-09-14,55807.620372458055
2015-09-15,55797.57930479174
2015-09-16,55787.53823712542
2015-09-17,55777.49716945911
2015-09-18,55767.4561017928
2015-09-19,55757.41503412649
2015-09-20,55747.37396646017
2015-09-21,55737.33289879386
2015-09-22,55727.29183112754
2015-09-23,55717.25076346123
2015-09-24,55707.20969579491
2015-09-25,55697.1686281286
2015-09-26,55687.127560462286
2015-09-27,55677.08649279597
2015-09-28,55667.045425129654
2015-09-29,55657.004357463346
2015-09-30,55646.96328979702
2015-10-01,55636.92222213071
2015-10-02,55626.881154464405
2015-10-03,55616.84008679809
2015-10-04,55606.79901913177
2015-10-05,55596.75795146546
2015-10-06,55586.71688379915
2015-10-07,55576.675816132825
2015-10-08,55566.63474846652
2015-10-09,55556.59368080021
2015-10-10,55546.55261313389
2015-10-11,55536.511545467576
2015-10-12,55526.47047780126
2015-10-13,55516.42941013495
2015-10-14,55506.38834246863
2015-10-15,55496.34727480232
2015-10-16,55486.306207136004
2015-10-17,55476.265139469695
2015-10-18,55466.22407180337
2015-10-19,55456.18300413706
2015-10-20,55446.141936470754
2015-10-21,55433.27145633368
2015-10-22,55419.83509370246
2015-10-23,55406.39873107124
2015-10-24,55392.96236844002
2015-10-25,55379.52600580881
2015-10-26,55366.08964317759
2015-10-27,55352.65328054637
2015-10-28,55339.21691791515
2015-10-29,55325.780555283935
2015-10-30,55312.344192652716
2015-10-31,55298.9078300215
2015-11-01,55285.471467390285
2015-11-02,55272.03510475907
2015-11-03,55258.59874212785
2015-11-04,55245.16237949663
2015-11-05,55231.72601686541
2015-11-06,55218.2896542342
2015-11-07,55204.85329160298
2015-11-08,55191.41692897176
2015-11-09,55177.980566340535
2015-11-10,55164.544203709316
2015-11-11,55151.1078410781
2015-11-12,55137.67147844688
2015-11-13,55124.23511581567
2015-11-14,55110.79875318445
2015-11-15,55097.36239055323
2015-11-16,55083.92602792201
2015-11-17,55070.48966529079
2015-11-18,55057.05330265958
2015-11-19,55043.61694002836
2015-11-20,55030.18057739714
2015-11-21,55016.744214765924
2015-11-22,55003.307852134705
2015-11-23,54989.87148950349
2015-11-24,54976.435126872275
2015-11-25,54962.998764241056
2015-11-26,54949.56240160984
2015-11-27,54936.12603897862
2015-11-28,54922.6896763474
2015-11-29,54909.25331371617
2015-11-30,54895.81695108497
2015-12-01,54882.38058845374
2015-12-02,54868.944225822524
2015-12-03,54855.507863191306
2015-12-04,54842.07150056009
2015-12-05,54828.63513792887
2015-12-06,54815.19877529766
2015-12-07,54801.76241266644
2015-12-08,54788.32605003522
2015-12-09,54774.889687404
2015-12-10,54761.45332477278
2015-12-11,54748.01696214156
2015-12-12,54734.58059951035
2015-12-13,54721.14423687913
2015-12-14,54707.70787424791
2015-12-15,54694.271511616695
2015-12-16,54680.835148985476
2015-12-17,54667.39878635426
2015-12-18,54664.844230246956
2015-12-19,54677.52420327314
2015-12-20,54690.20417629933
2015-12-21,54702.88414932552
2015-12-22,54715.56412235171
2015-12-23,54728.244095377886
2015-12-24,54740.92406840408
2015-12-25,54753.60404143026
2015-12-26,54766.28401445645
2015-12-27,54778.96398748264
2015-12-28,54791.64396050882
2015-12-29,54804.323933535015
2015-12-30,54817.0039065612
2015-12-31,54829.68387958739
2016-01-01,54842.36385261358
2016-01-02,54855.04382563977
2016-01-03,54867.72379866595
2016-01-04,54880.403771692145
2016-01-05,54893.08374471833
2016-01-06,54905.76371774452
2016-01-07,54918.443690770706
2016-01-08,54931.12366379688
2016-01-09,54943.803636823075
2016-01-10,54956.48360984926
2016-01-11,54969.16358287545
2016-01-12,54981.843555901636
2016-01-13,54994.52352892783
2016-01-14,55007.20350195401
2016-01-15,55019.883474980204
2016-01-16,55032.56344800639
2016-01-17,55045.24342103258
2016-01-18,55057.923394058766
2016-01-19,55070.60336708496
2016-01-20,55083.28334011114
2016-01-21,55095.96331313733
2016-01-22,55108.64328616352
2016-01-23,55121.3232591897
2016-01-24,55134.003232215895
2016-01-25,55146.68320524207
2016-01-26,55159.363178268264
2016-01-27,55172.04315129445
2016-01-28,55184.72312432064
2016-01-29,55197.403097346825
2016-01-30,55210.08307037302
2016-01-31,55222.7630433992
2016-02-01,55235.44301642539
2016-02-02,55248.12298945158
2016-02-03,55260.80296247776
2016-02-04,55273.482935503955
2016-02-05,55286.16290853014
2016-02-06,55298.84288155633
2016-02-07,55311.522854582516
2016-02-08,55324.20282760871
2016-02-09,55336.88280063489
2016-02-10,55349.562773661084
2016-02-11,55362.24274668726
2016-02-12,55374.92271971345
2016-02-13,55387.60269273964
2016-02-14,55400.28266576583
2016-02-15,55407.28098953215
2016-02-16,55414.27931329846
2016-02-17,55421.27763706476
2016-02-18,55428.27596083107
2016-02-19,55435.274284597384
2016-02-20,55442.272608363695
2016-02-21,55449.27093213
2016-02-22,55456.26925589632
2016-02-23,55463.26757966263
2016-02-24,55470.26590342894
2016-02-25,55477.26422719524
2016-02-26,55484.262550961554
2016-02-27,55491.260874727865
2016-02-28,55498.25919849418
2016-02-29,55505.25752226049
2016-03-01,55512.2558460268
2016-03-02,55519.25416979311
2016-03-03,55526.25249355942
2016-03-04,55533.25081732572
2016-03-05,55540.24914109204
2016-03-06,55547.24746485835
2016-03-07,55554.24578862466
2016-03-08,55561.24411239097
2016-03-09,55568.24243615728
2016-03-10,55575.24075992359
2016-03-11,55582.23908368991
2016-03-12,55589.23740745621
2016-03-13,55596.23573122252
2016-03-14,55603.23405498883
2016-03-15,55610.23237875514
2016-03-16,55617.23070252145
2016-03-17,55624.22902628776
2016-03-18,55631.227350054076
2016-03-19,55638.22567382039
2016-03-20,55645.22399758669
2016-03-21,55652.222321353
2016-03-22,55659.22064511931
2016-03-23,55666.21896888562
2016-03-24,55673.21729265194
2016-03-25,55680.215616418245
2016-03-26,55687.213940184556
2016-03-27,55694.21226395087
2016-03-28,55701.21058771717
2016-03-29,55708.20891148348
2016-03-30,55715.2072352498
2016-03-31,55722.20555901611
2016-04-01,55729.20388278242
2016-04-02,55736.202206548725
2016-04-03,55743.200530315036
2016-04-04,55750.19885408135
2016-04-05,55757.19717784765
2016-04-06,55764.19550161397
2016-04-07,55771.19382538028
2016-04-08,55778.19214914659
2016-04-09,55785.1904729129
2016-04-10,55792.188796679206
2016-04-11,55799.18712044552
2016-04-12,55806.185444211835
2016-04-13,55808.212824857364
2016-04-14,55806.034022862244
2016-04-15,55803.85522086713
2016-04-16,55801.67641887201
2016-04-17,55799.49761687689
2016-04-18,55797.31881488177
2016-04-19,55795.14001288665
2016-04-20,55792.96121089153
2016-04-21,55790.78240889641
2016-04-22,55788.60360690129
2016-04-23,55786.42480490617
2016-04-24,55784.24600291105
2016-04-25,55782.06720091594
2016-04-26,55779.88839892082
2016-04-27,55777.7095969257
2016-04-28,55775.53079493058
2016-04-29,55773.35199293546
2016-04-30,55771.17319094034
2016-05-01,55768.99438894522
2016-05-02,55766.8155869501
2016-05-03,55764.63678495498
2016-05-04,55762.457982959866
2016-05-05,55760.279180964746
2016-05-06,55758.100378969626
2016-05-07,55755.921576974506
2016-05-08,55753.742774979386
2016-05-09,55751.563972984266
2016-05-10,55749.385170989146
2016-05-11,55747.206368994026
2016-05-12,55745.027566998906
2016-05-13,55742.848765003786
2016-05-14,55740.66996300867
2016-05-15,55738.49116101355
2016-05-16,55736.31235901843
2016-05-17,55734.13355702331
2016-05-18,55731.95475502819
2016-05-19,55729.77595303307
2016-05-20,55727.59715103795
2016-05-21,55725.41834904283
2016-05-22,55723.23954704771
2016-05-23,55721.06074505261
2016-05-24,55718.88194305749
2016-05-25,55716.70314106237
2016-05-26,55714.52433906725
2016-05-27,55712.34553707213
2016-05-28,55710.16673507701
2016-05-29,55707.98793308189
2016-05-30,55705.80913108677
2016-05-31,55703.63032909165
2016-06-01,55701.45152709653
2016-06-02,55699.272725101415
2016-06-03,55697.093923106295
2016-06-04,55694.915121111175
2016-06-05,55692.736319116055
2016-06-06,55690.557517120935
2016-06-07,55688.378715125815
2016-06-08,55686.199913130695
2016-06-09,55684.021111135575
2016-06-10,55681.84013880573
2016-06-11,55679.64397413274
2016-06-12,55677.44780945974
2016-06-13,55675.25164478676
2016-06-14,55673.05548011377
2016-06-15,55670.859315440786
2016-06-16,55668.663150767796
2016-06-17,55666.466986094805
2016-06-18,55664.27082142182
2016-06-19,55662.07465674883
2016-06-20,55659.87849207584
2016-06-21,55657.68232740286
2016-06-22,55655.48616272986
2016-06-23,55653.28999805688
2016-06-24,55651.093833383886
2016-06-25,55648.897668710895
2016-06-26,55646.70150403791
2016-06-27,55644.50533936492
2016-06-28,55642.30917469193
2016-06-29,55640.11301001895
2016-06-30,55637.91684534596
2016-07-01,55635.720680672974
2016-07-02,55633.52451599998
2016-07-03,55631.328351326985
2016-07-04,55629.132186654
2016-07-05,55626.93602198101
2016-07-06,55624.73985730802
2016-07-07,55622.54369263504
2016-07-08,55620.34752796205
2016-07-09,55618.151363289064
2016-07-10,55615.95519861607
2016-07-11,55613.75903394308
2016-07-12,55611.5628692701
2016-07-13,55609.3667045971
2016-07-14,55607.17053992411
2016-07-15,55604.97437525113
2016-07-16,55602.77821057814
2016-07-17,55600.582045905154
2016-07-18,55598.38588123216
2016-07-19,55596.18971655917
2016-07-20,55593.99355188619
2016-07-21,55591.7973872132
2016-07-22,55589.6012225402
2016-07-23,55587.40505786722
2016-07-24,55585.20889319423
2016-07-25,55583.012728521244
2016-07-26,55580.81656384825
2016-07-27,55578.62039917526
2016-07-28,55576.42423450228
2016-07-29,55574.22806982929
2016-07-30,55572.0319051563
2016-07-31,55569.835740483315
2016-08-01,55567.639575810324
2016-08-02,55565.44341113734
2016-08-03,55563.24724646434
2016-08-04,55561.05108179135
2016-08-05,55558.85491711837
2016-08-06,55556.65875244538
2016-08-07,55554.462587772396
2016-08-08,55554.63853005328
2016-08-09,55555.79122225633
2016-08-10,55556.94391445939
2016-08-11,55558.09660666246
2016-08-12,55559.24929886552
2016-08-13,55560.40199106858
2016-08-14,55561.55468327165
2016-08-15,55562.70737547471
2016-08-16,55563.86006767777
2016-08-17,55565.01275988084
2016-08-18,55566.1654520839
2016-08-19,55567.31814428696
2016-08-20,55568.47083649002
2016-08-21,55569.62352869309
2016-08-22,55570.77622089615
2016-08-23,55571.92891309921
2016-08-24,55573.08160530228
2016-08-25,55574.23429750533
2016-08-26,55575.38698970839
2016-08-27,55576.53968191146
2016-08-28,55577.69237411452
2016-08-29,55578.84506631758
2016-08-30,55579.99775852064
2016-08-31,55581.15045072371
2016-09-01,55582.30314292677
2016-09-02,55583.45583512983
2016-09-03,55584.6085273329
2016-09-04,55585.76121953596
2016-09-05,55586.91391173902
2016-09-06,55588.06660394209
2016-09-07,55589.21929614515
2016-09-08,55590.37198834821
2016-09-09,55591.52468055128
2016-09-10,55592.67737275433
2016-09-11,55593.830064957394
2016-09-12,55594.982757160455
2016-09-13,55596.13544936352
2016-09-14,55597.28814156658
2016-09-15,55598.440833769644
2016-09-16,55599.59352597271
2016-09-17,55600.74621817577
2016-09-18,55601.89891037883
2016-09-19,55603.0516025819
2016-09-20,55604.20429478496
2016-09-21,55605.35698698802
2016-09-22,55606.50967919109
2016-09-23,55607.66237139415
2016-09-24,55608.81506359721
2016-09-25,55609.96775580027
2016-09-26,55611.120448003334
2016-09-27,55612.273140206395
2016-09-28,55613.425832409455
2016-09-29,55614.57852461252
2016-09-30,55615.731216815584
2016-10-01,55616.883909018645
2016-10-02,55618.036601221705
2016-10-03,55619.18929342477
2016-10-04,55620.341985627834
2016-10-05,55625.16006611499
2016-10-06,55640.97431145447
2016-10-07,55656.78855679394
2016-10-08,55672.60280213341
2016-10-09,55688.41704747289
2016-10-10,55704.231292812365
2016-10-11,55720.04553815184
2016-10-12,55735.859783491316
2016-10-13,55751.674028830785
2016-10-14,55767.48827417025
2016-10-15,55783.30251950973
2016-10-16,55799.11676484921
2016-10-17,55814.93101018868
2016-10-18,55830.74525552816
2016-10-19,55846.55950086763
2016-10-20,55862.3737462071
2016-10-21,55878.187991546576
2016-10-22,55894.002236886045
2016-10-23,55909.81648222553
2016-10-24,55925.630727564996
2016-10-25,55941.44497290448
2016-10-26,55957.25921824395
2016-10-27,55973.07346358342
2016-10-28,55988.88770892289
2016-10-29,56004.70195426237
2016-10-30,56020.51619960184
2016-10-31,56036.33044494132
2016-11-01,56052.144690280795
2016-11-02,56067.95893562027
2016-11-03,56083.77318095974
2016-11-04,56099.58742629921
2016-11-05,56115.40167163869
2016-11-06,56131.21591697816
2016-11-07,56147.030162317635
2016-11-08,56162.84440765711
2016-11-09,56178.658652996586
2016-11-10,56194.472898336055
2016-11-11,56210.28714367553
2016-11-12,56226.101389015
2016-11-13,56241.91563435448
2016-11-14,56257.72987969395
2016-11-15,56273.54412503343
2016-11-16,56289.3583703729
2016-11-17,56305.17261571238
2016-11-18,56320.986861051846
2016-11-19,56336.801106391315
2016-11-20,56352.6153517308
2016-11-21,56368.429597070266
2016-11-22,56384.24384240975
2016-11-23,56400.05808774922
2016-11-24,56415.87233308869
2016-11-25,56431.68657842816
2016-11-26,56447.50082376764
2016-11-27,56463.31506910711
2016-11-28,56479.12931444659
2016-11-29,56494.94355978606
2016-11-30,56510.75780512554
2016-12-01,56526.57205046501
2016-12-02,56542.386295804485
2016-12-03,56559.11783675377
2016-12-04,56576.032836825005
2016-12-05,56592.947836896245
2016-12-06,56609.86283696749
2016-12-07,56626.77783703873
2016-12-08,56643.69283710998
2016-12-09,56660.60783718122
2016-12-10,56677.52283725245
2016-12-11,56694.4378373237
2016-12-12,56711.35283739494
2016-12-13,56728.267837466185
2016-12-14,56745.182837537424
2016-12-15,56762.097837608664
2016-12-16,56779.01283767991
2016-12-17,56795.927837751144
2016-12-18,56812.84283782239
2016-12-19,56829.75783789363
2016-12-20,56846.67283796487
2016-12-21,56863.58783803612
2016-12-22,56880.50283810736
2016-12-23,56897.417838178604
2016-12-24,56914.33283824984
2016-12-25,56931.24783832108
2016-12-26,56948.16283839232
2016-12-27,56965.07783846356
2016-12-28,56981.99283853481
2016-12-29,56998.90783860604
2016-12-30,57015.82283867728
2016-12-31,57032.73783874853
2017-01-01,57049.65283881977
2017-01-02,57066.56783889102
2017-01-03,57083.482838962256
2017-01-04,57100.39783903349
2017-01-05,57117.312839104736
2017-01-06,57134.227839175976
2017-01-07,57151.14283924722
2017-01-08,57168.05783931846
2017-01-09,57184.9728393897
2017-01-10,57201.887839460935
2017-01-11,57218.80283953218
2017-01-12,57235.71783960342
2017-01-13,57252.63283967467
2017-01-14,57269.54783974591
2017-01-15,57286.462839817155
2017-01-16,57303.377839888395
2017-01-17,57320.29283995964
2017-01-18,57337.207840030875
2017-01-19,57354.122840102114
2017-01-20,57371.037840173354
2017-01-21,57387.9528402446
2017-01-22,57404.86784031584
2017-01-23,57421.78284038708
2017-01-24,57438.69784045832
2017-01-25,57455.61284052956
2017-01-26,57472.52784060081
2017-01-27,57489.44284067205
2017-01-28,57506.357840743294
2017-01-29,57523.27284081453
2017-01-30,57524.882069450425
2017-01-31,57505.0632180768
2017-02-01,57485.24436670318
2017-02-02,57465.42551532957
2017-02-03,57445.60666395595
2017-02-04,57425.787812582326
2017-02-05,57405.9689612087
2017-02-06,57386.15010983509
2017-02-07,57366.33125846147
2017-02-08,57346.51240708786
2017-02-09,57326.69355571424
2017-02-10,57306.87470434062
2017-02-11,57287.055852966994
2017-02-12,57267.237001593385
2017-02-13,57247.41815021976
2017-02-14,57227.59929884615
2017-02-15,57207.780447472534
2017-02-16,57187.96159609891
2017-02-17,57168.142744725286
2017-02-18,57148.32389335168
2017-02-19,57128.50504197806
2017-02-20,57108.686190604436
2017-02-21,57088.86733923083
2017-02-22,57069.0484878572
2017-02-23,57049.22963648358
2017-02-24,57029.41078510997
2017-02-25,57009.59193373635
2017-02-26,56989.773082362735
2017-02-27,56969.95423098912
2017-02-28,56950.135379615494
2017-03-01,56930.31652824187
2017-03-02,56910.49767686825
2017-03-03,56890.678825494644
2017-03-04,56870.85997412102
2017-03-05,56851.04112274741
2017-03-06,56831.22227137379
2017-03-07,56811.40342000016
2017-03-08,56791.584568626546
2017-03-09,56771.765717252936
2017-03-10,56751.94686587931
2017-03-11,56732.1280145057
2017-03-12,56712.30916313208
2017-03-13,56692.49031175846
2017-03-14,56672.67146038484
2017-03-15,56652.85260901123
2017-03-16,56633.033757637604
2017-03-17,56613.21490626398
2017-03-18,56593.39605489037
2017-03-19,56573.577203516754
2017-03-20,56553.75835214313
2017-03-21,56533.93950076952
2017-03-22,56514.120649395896
2017-03-23,56494.30179802229
2017-03-24,56474.48294664866
2017-03-25,56454.664095275046
2017-03-26,56434.84524390142
2017-03-27,56415.0263925278
2017-03-28,56395.20754115419
2017-03-29,56375.388689780564
2017-03-30,56372.26906052375
2017-03-31,56369.14943126694
2017-04-01,56366.029802010125
2017-04-02,56362.910172753305
2017-04-03,56359.79054349649
2017-04-04,56356.67091423968
2017-04-05,56353.55128498286
2017-04-06,56350.431655726046
2017-04-07,56347.31202646923
2017-04-08,56344.19239721241
2017-04-09,56341.0727679556
2017-04-10,56337.95313869879
2017-04-11,56334.83350944197
2017-04-12,56331.713880185154
2017-04-13,56328.59425092834
2017-04-14,56325.47462167152
2017-04-15,56322.35499241471
2017-04-16,56319.235363157895
2017-04-17,56316.115733901075
2017-04-18,56312.99610464426
2017-04-19,56309.87647538745
2017-04-20,56306.75684613064
2017-04-21,56303.637216873816
2017-04-22,56300.517587617
2017-04-23,56297.39795836019
2017-04-24,56294.27832910337
2017-04-25,56291.15869984656
2017-04-26,56288.03907058973
2017-04-27,56284.919441332924
2017-04-28,56281.799812076104
2017-04-29,56278.680182819284
2017-04-30,56275.56055356247
2017-05-01,56272.44092430566
2017-05-02,56269.321295048845
2017-05-03,56266.201665792025
2017-05-04,56263.08203653521
2017-05-05,56259.9624072784
2017-05-06,56256.84277802158
2017-05-07,56253.723148764766
2017-05-08,56250.60351950795
2017-05-09,56247.48389025113
2017-05-10,56244.36426099432
2017-05-11,56241.24463173751
2017-05-12,56238.12500248069
2017-05-13,56235.005373223874
2017-05-14,56231.88574396706
2017-05-15,56228.76611471024
2017-05-16,56225.64648545343
2017-05-17,56222.526856196615
2017-05-18,56219.407226939795
2017-05-19,56216.28759768298
2017-05-20,56213.16796842617
2017-05-21,56210.04833916935
2017-05-22,56206.928709912536
2017-05-23,56203.80908065572
2017-05-24,56200.68945139891
2017-05-25,56197.56982214209
2017-05-26,56194.45019288528
2017-05-27,56191.08203663608
2017-05-28,56187.50358831641
2017-05-29,56183.92513999674
2017-05-30,56180.34669167708
2017-05-31,56176.76824335741
2017-06-01,56173.18979503774
2017-06-02,56169.61134671807
2017-06-03,56166.0328983984
2017-06-04,56162.45445007873
2017-06-05,56158.87600175907
2017-06-06,56155.2975534394
2017-06-07,56151.71910511972
2017-06-08,56148.14065680006
2017-06-09,56144.56220848039
2017-06-10,56140.98376016072
2017-06-11,56137.40531184106
2017-06-12,56133.82686352139
2017-06-13,56130.24841520171
2017-06-14,56126.66996688205
2017-06-15,56123.09151856238
2017-06-16,56119.51307024271
2017-06-17,56115.93462192305
2017-06-18,56112.35617360338
2017-06-19,56108.777725283704
2017-06-20,56105.19927696404
2017-06-21,56101.62082864437
2017-06-22,56098.0423803247
2017-06-23,56094.46393200504
2017-06-24,56090.88548368537
2017-06-25,56087.307035365695
2017-06-26,56083.72858704603
2017-06-27,56080.15013872636
2017-06-28,56076.5716904067
2017-06-29,56072.99324208703
2017-06-30,56069.41479376736
2017-07-01,56065.8363454477
2017-07-02,56062.25789712802
2017-07-03,56058.679448808354
2017-07-04,56055.10100048869
2017-07-05,56051.52255216902
2017-07-06,56047.94410384935
2017-07-07,56044.36565552969
2017-07-08,56040.787207210014
2017-07-09,56037.208758890345
2017-07-10,56033.63031057068
2017-07-11,56030.05186225101
2017-07-12,56026.473413931344
2017-07-13,56022.894965611675
2017-07-14,56019.316517292005
2017-07-15,56015.738068972336
2017-07-16,56012.159620652674
2017-07-17,56008.581172333004
2017-07-18,56005.00272401333
2017-07-19,56001.424275693666
2017-07-20,55997.845827373996
2017-07-21,55994.26737905433
2017-07-22,55990.688930734665
2017-07-23,55987.110482414995
2017-07-24,55984.195112711706
2017-07-25,55985.9212933231
2017-07-26,55987.6474739345
2017-07-27,55989.3736545459
2017-07-28,55991.0998351573
2017-07-29,55992.8260157687
2017-07-30,55994.55219638009
2017-07-31,55996.27837699149
2017-08-01,55998.004557602886
2017-08-02,55999.73073821428
2017-08-03,56001.45691882567
2017-08-04,56003.18309943708
2017-08-05,56004.90928004848
2017-08-06,56006.635460659876
2017-08-07,56008.361641271265
2017-08-08,56010.08782188266
2017-08-09,56011.81400249406
2017-08-10,56013.540183105455
2017-08-11,56015.26636371685
2017-08-12,56016.992544328255
2017-08-13,56018.71872493965
2017-08-14,56020.44490555105
2017-08-15,56022.171086162445
2017-08-16,56023.89726677384
2017-08-17,56025.62344738524
2017-08-18,56027.349627996635
2017-08-19,56029.07580860803
2017-08-20,56030.80198921943
2017-08-21,56032.52816983083
2017-08-22,56034.25435044223
2017-08-23,56035.980531053625
2017-08-24,56037.70671166502
2017-08-25,56039.43289227642
2017-08-26,56041.159072887815
2017-08-27,56042.88525349921
2017-08-28,56044.61143411061
2017-08-29,56046.33761472201
2017-08-30,56048.06379533341
2017-08-31,56049.789975944805
2017-09-01,56051.5161565562
2017-09-02,56053.2423371676
2017-09-03,56054.968517778994
2017-09-04,56056.69469839039
2017-09-05,56058.42087900179
2017-09-06,56060.147059613184
2017-09-07,56061.87324022459
2017-09-08,56063.599420835984
2017-09-09,56065.32560144738
2017-09-10,56067.05178205878
2017-09-11,56068.777962670174
2017-09-12,56070.50414328157
2017-09-13,56072.23032389297
2017-09-14,56073.95650450437
2017-09-15,56075.68268511577
2017-09-16,56077.408865727164
2017-09-17,56079.13504633856
2017-09-18,56080.86122694996
2017-09-19,56082.587407561354
2017-09-20,56084.31358817275
2017-09-21,56090.00835061811
2017-09-22,56097.33723499511
2017-09-23,56104.6661193721
2017-09-24,56111.99500374909
2017-09-25,56119.323888126084
2017-09-26,56126.65277250308
2017-09-27,56133.98165688008
2017-09-28,56141.31054125708
2017-09-29,56148.63942563407
2017-09-30,56155.96831001106
2017-10-01,56163.297194388055
2017-10-02,56170.62607876505
2017-10-03,56177.954963142045
2017-10-04,56185.28384751904
2017-10-05,56192.612731896035
2017-10-06,56199.94161627303
2017-10-07,56207.27050065002
2017-10-08,56214.59938502701
2017-10-09,56221.928269404016
2017-10-10,56229.25715378101
2017-10-11,56236.586038158006
2017-10-12,56243.914922535
2017-10-13,56251.24380691199
2017-10-14,56258.57269128898
2017-10-15,56265.90157566598
2017-10-16,56273.23046004297
2017-10-17,56280.55934441996
2017-10-18,56287.88822879697
2017-10-19,56295.21711317395
2017-10-20,56302.54599755095
2017-10-21,56309.87488192795
2017-10-22,56317.20376630494
2017-10-23,56324.53265068193
2017-10-24,56331.861535058924
2017-10-25,56339.19041943592
2017-10-26,56346.519303812915
2017-10-27,56353.848188189906
2017-10-28,56361.177072566905
2017-10-29,56368.505956943896
2017-10-30,56375.83484132089
2017-10-31,56383.163725697894
2017-11-01,56390.49261007488
2017-11-02,56397.82149445188
2017-11-03,56405.150378828876
2017-11-04,56412.47926320587
2017-11-05,56419.80814758286
2017-11-06,56427.13703195985
2017-11-07,56434.46591633685
2017-11-08,56441.79480071384
2017-11-09,56449.12368509083
2017-11-10,56456.45256946783
2017-11-11,56463.78145384483
2017-11-12,56471.11033822181
2017-11-13,56478.43922259882
2017-11-14,56485.76810697581
2017-11-15,56493.0969913528
2017-11-16,56500.4258757298
2017-11-17,56507.75476010679
2017-11-18,56515.11566059171
2017-11-19,56522.5726094004
2017-11-20,56530.029558209084
2017-11-21,56537.486507017784
2017-11-22,56544.94345582647
2017-11-23,56552.400404635155
2017-11-24,56559.85735344385
2017-11-25,56567.31430225253
2017-11-26,56574.77125106122
2017-11-27,56582.22819986992
2017-11-28,56589.6851486786
2017-11-29,56597.14209748729
2017-11-30,56604.59904629598
2017-12-01,56612.055995104674
2017-12-02,56619.51294391336
2017-12-03,56626.96989272205
2017-12-04,56634.42684153074
2017-12-05,56641.88379033942
2017-12-06,56649.34073914812
2017-12-07,56656.79768795681
2017-12-08,56664.254636765494
2017-12-09,56671.71158557419
2017-12-10,56679.16853438287
2017-12-11,56686.625483191565
2017-12-12,56694.08243200026
2017-12-13,56701.53938080894
2017-12-14,56708.99632961763
2017-12-15,56716.45327842633
2017-12-16,56723.910227235014
2017-12-17,56731.3671760437
2017-12-18,56738.82412485239
2017-12-19,56746.28107366108
2017-12-20,56753.73802246977
2017-12-21,56761.19497127846
2017-12-22,56768.65192008715
2017-12-23,56776.10886889583
2017-12-24,56783.565817704526
2017-12-25,56791.02276651322
2017-12-26,56798.479715321904
2017-12-27,56805.9366641306
2017-12-28,56813.39361293928
2017-12-29,56820.85056174797
2017-12-30,56828.30751055667
2017-12-31,56835.76445936535
2018-01-01,56843.22140817404
2018-01-02,56850.67835698273
2018-01-03,56858.135305791424
2018-01-04,56865.59225460011
2018-01-05,56873.0492034088
2018-01-06,56880.50615221749
2018-01-07,56887.96310102617
2018-01-08,56895.42004983487
2018-01-09,56902.87699864356
2018-01-10,56910.33394745224
2018-01-11,56917.790896260936
2018-01-12,56925.24784506962
2018-01-13,56932.704793878314
2018-01-14,56940.16174268701
2018-01-15,56947.61869149569
2018-01-16,56960.90050225053
2018-01-17,56975.3472853946
2018-01-18,56989.794068538664
2018-01-19,57004.24085168273
2018-01-20,57018.68763482679
2018-01-21,57033.13441797086
2018-01-22,57047.58120111492
2018-01-23,57062.02798425899
2018-01-24,57076.47476740306
2018-01-25,57090.92155054712
2018-01-26,57105.36833369119
2018-01-27,57119.81511683525
2018-01-28,57134.26189997932
2018-01-29,57148.70868312339
2018-01-30,57163.155466267446
2018-01-31,57177.60224941152
2018-02-01,57192.04903255558
2018-02-02,57206.49581569965
2018-02-03,57220.942598843714
2018-02-04,57235.38938198778
2018-02-05,57249.83616513185
2018-02-06,57264.282948275904
2018-02-07,57278.729731419975
2018-02-08,57293.17651456404
2018-02-09,57307.62329770811
2018-02-10,57322.07008085218
2018-02-11,57336.516863996236
2018-02-12,57350.96364714031
2018-02-13,57365.41043028437
2018-02-14,57379.85721342844
2018-02-15,57394.3039965725
2018-02-16,57408.75077971657
2018-02-17,57423.19756286064
2018-02-18,57437.6443460047
2018-02-19,57452.09112914877
2018-02-20,57466.53791229283
2018-02-21,57480.9846954369
2018-02-22,57495.431478580955
2018-02-23,57509.878261725025
2018-02-24,57524.325044869096
2018-02-25,57538.77182801316
2018-02-26,57553.21861115723
2018-02-27,57567.665394301286
2018-02-28,57582.11217744536
2018-03-01,57596.55896058943
2018-03-02,57611.00574373349
2018-03-03,57625.452526877554
2018-03-04,57639.89931002162
2018-03-05,57654.34609316569
2018-03-06,57668.79287630976
2018-03-07,57683.239659453815
2018-03-08,57697.686442597886
2018-03-09,57712.13322574195
2018-03-10,57726.58000888601
2018-03-11,57741.026792030076
2018-03-12,57755.47357517415
2018-03-13,57769.92035831822
2018-03-14,57784.36714146227
2018-03-15,57790.9284779795
2018-03-16,57786.45018921915
2018-03-17,57781.9719004588
2018-03-18,57777.49361169844
2018-03-19,57773.01532293809
2018-03-20,57768.53703417774
2018-03-21,57764.058745417395
2018-03-22,57759.580456657044
2018-03-23,57755.10216789669
2018-03-24,57750.62387913634
2018-03-25,57746.14559037599
2018-03-26,57741.66730161564
2018-03-27,57737.1890128553
2018-03-28,57732.71072409495
2018-03-29,57728.2324353346
2018-03-30,57723.75414657425
2018-03-31,57719.2758578139
2018-04-01,57714.79756905355
2018-04-02,57710.3192802932
2018-04-03,57705.840991532845
2018-04-04,57701.362702772494
2018-04-05,57696.884414012144
2018-04-06,57692.40612525179
2018-04-07,57687.92783649144
2018-04-08,57683.4495477311
2018-04-09,57678.97125897075
2018-04-10,57674.4929702104
2018-04-11,57670.01468145005
2018-04-12,57665.5363926897
2018-04-13,57661.05810392935
2018-04-14,57656.579815169
2018-04-15,57652.10152640865
2018-04-16,57647.6232376483
2018-04-17,57643.14494888795
2018-04-18,57638.6666601276
2018-04-19,57634.18837136725
2018-04-20,57629.71008260691
2018-04-21,57625.23179384656
2018-04-22,57620.753505086206
2018-04-23,57616.275216325856
2018-04-24,57611.796927565505
2018-04-25,57607.31863880515
2018-04-26,57602.8403500448
2018-04-27,57598.36206128445
2018-04-28,57593.8837725241
2018-04-29,57589.40548376375
2018-04-30,57584.9271950034
2018-05-01,57580.44890624305
2018-05-02,57575.9706174827
2018-05-03,57571.49232872236
2018-05-04,57567.01403996201
2018-05-05,57562.535751201656
2018-05-06,57558.057462441306
2018-05-07,57553.579173680955
2018-05-08,57549.100884920605
2018-05-09,57544.62259616026
2018-05-10,57540.14430739991
2018-05-11,57535.66601863956
2018-05-12,57531.18772987921
2018-05-13,57528.35499980883
2018-05-14,57525.59381576845
2018-05-15,57522.832631728066
2018-05-16,57520.07144768768
2018-05-17,57517.3102636473
2018-05-18,57514.54907960692
2018-05-19,57511.787895566544
2018-05-20,57509.02671152616
2018-05-21,57506.265527485775
2018-05-22,57503.5043434454
2018-05-23,57500.743159405014
2018-05-24,57497.98197536464
2018-05-25,57495.22079132426
2018-05-26,57492.45960728387
2018-05-27,57489.69842324349
2018-05-28,57486.937239203115
2018-05-29,57484.17605516273
2018-05-30,57481.41487112235
2018-05-31,57478.65368708196
2018-06-01,57475.892503041585
2018-06-02,57473.13131900121
2018-06-03,57470.37013496082
2018-06-04,57467.60895092045
2018-06-05,57464.84776688006
2018-06-06,57462.08658283968
2018-06-07,57459.3253987993
2018-06-08,57456.564214758924
2018-06-09,57453.80303071854
2018-06-10,57451.041846678156
2018-06-11,57448.28066263778
2018-06-12,57445.519478597394
2018-06-13,57442.75829455702
2018-06-14,57439.99711051664
2018-06-15,57437.23592647625
2018-06-16,57434.47474243587
2018-06-17,57431.71355839549
2018-06-18,57428.95237435511
2018-06-19,57426.191190314734
2018-06-20,57423.43000627435
2018-06-21,57420.668822233965
2018-06-22,57417.90763819359
2018-06-23,57415.146454153204
2018-06-24,57412.38527011283
2018-06-25,57409.62408607245
2018-06-26,57406.86290203206
2018-06-27,57404.10171799168
2018-06-28,57401.340533951305
2018-06-29,57398.57934991092
2018-06-30,57395.81816587054
2018-07-01,57393.05698183015
2018-07-02,57390.295797789775
2018-07-03,57387.5346137494
2018-07-04,57384.773429709014
2018-07-05,57382.01224566864
2018-07-06,57379.25106162825
2018-07-07,57376.48987758787
2018-07-08,57373.72869354749
2018-07-09,57370.967509507114
2018-07-10,57368.1855915428
2018-07-11,57365.38612948902
2018-07-12,57362.58666743524
2018-07-13,57359.78720538145
2018-07-14,57356.98774332767
2018-07-15,57354.18828127388
2018-07-16,57351.38881922009
2018-07-17,57348.58935716631
2018-07-18,57345.789895112524
2018-07-19,57342.99043305874
2018-07-20,57340.19097100496
2018-07-21,57337.391508951165
2018-07-22,57334.59204689738
2018-07-23,57331.79258484359
2018-07-24,57328.99312278981
2018-07-25,57326.193660736026
2018-07-26,57323.39419868224
2018-07-27,57320.59473662846
2018-07-28,57317.79527457467
2018-07-29,57314.99581252088
2018-07-30,57312.1963504671
2018-07-31,57309.396888413314
2018-08-01,57306.59742635953
2018-08-02,57303.79796430575
2018-08-03,57300.99850225196
2018-08-04,57298.19904019817
2018-08-05,57295.39957814439
2018-08-06,57292.6001160906
2018-08-07,57289.800654036815
2018-08-08,57287.001191983036
2018-08-09,57284.20172992925
2018-08-10,57281.40226787546
2018-08-11,57278.60280582167
2018-08-12,57275.80334376789
2018-08-13,57273.0038817141
2018-08-14,57270.204419660324
2018-08-15,57267.40495760654
2018-08-16,57264.60549555275
2018-08-17,57261.80603349897
2018-08-18,57259.00657144518
2018-08-19,57256.20710939139
2018-08-20,57253.407647337604
2018-08-21,57250.608185283825
2018-08-22,57247.80872323004
2018-08-23,57245.00926117625
2018-08-24,57242.20979912247
2018-08-25,57239.41033706868
2018-08-26,57236.61087501489
2018-08-27,57233.81141296111
2018-08-28,57231.01195090733
2018-08-29,57228.21248885354
2018-08-30,57225.41302679976
2018-08-31,57222.613564745974
2018-09-01,57219.81410269218
2018-09-02,57217.0146406384
2018-09-03,57214.215178584614
2018-09-04,57211.41571653083
2018-09-05,57208.61625447705
2018-09-06,57204.961681155706
2018-09-07,57195.3213289615
2018-09-08,57185.68097676729
2018-09-09,57176.040624573085
2018-09-10,57166.40027237888
2018-09-11,57156.759920184675
2018-09-12,57147.11956799047
2018-09-13,57137.47921579625
2018-09-14,57127.83886360206
2018-09-15,57118.19851140784
2018-09-16,57108.55815921364
2018-09-17,57098.91780701943
2018-09-18,57089.27745482523
2018-09-19,57079.63710263102
2018-09-20,57069.99675043681
2018-09-21,57060.356398242606
2018-09-22,57050.7160460484
2018-09-23,57041.075693854196
2018-09-24,57031.43534165999
2018-09-25,57021.79498946579
2018-09-26,57012.15463727157
2018-09-27,57002.51428507736
2018-09-28,56992.87393288316
2018-09-29,56983.23358068895
2018-09-30,56973.59322849475
2018-10-01,56963.952876300544
2018-10-02,56954.31252410634
2018-10-03,56944.67217191213
2018-10-04,56935.03181971792
2018-10-05,56925.39146752371
2018-10-06,56915.75111532951
2018-10-07,56906.1107631353
2018-10-08,56896.4704109411
2018-10-09,56886.830058746884
2018-10-10,56877.18970655268
2018-10-11,56867.549354358474
2018-10-12,56857.90900216427
2018-10-13,56848.268649970065
2018-10-14,56838.62829777586
2018-10-15,56828.987945581655
2018-10-16,56819.34759338744
2018-10-17,56809.70724119324
2018-10-18,56800.06688899903
2018-10-19,56790.42653680483
2018-10-20,56780.78618461062
2018-10-21,56771.14583241642
2018-10-22,56761.5054802222
2018-10-23,56751.865128027996
2018-10-24,56742.22477583379
2018-10-25,56732.584423639586
2018-10-26,56722.94407144538
2018-10-27,56713.30371925118
2018-10-28,56703.66336705697
2018-10-29,56694.02301486276
2018-10-30,56684.382662668555
2018-10-31,56674.74231047434
2018-11-01,56665.10195828014
2018-11-02,56655.46160608593
2018-11-03,56645.82125389172
2018-11-04,56654.5068286441
2018-11-05,56672.35536686979
2018-11-06,56690.20390509547
2018-11-07,56708.052443321154
2018-11-08,56725.90098154684
2018-11-09,56743.74951977251
2018-11-10,56761.5980579982
2018-11-11,56779.446596223876
2018-11-12,56797.29513444957
2018-11-13,56815.143672675236
2018-11-14,56832.99221090092
2018-11-15,56850.840749126604
2018-11-16,56868.689287352274
2018-11-17,56886.53782557796
2018-11-18,56904.38636380364
2018-11-19,56922.234902029326
2018-11-20,56940.083440255
2018-11-21,56957.93197848068
2018-11-22,56975.78051670637
2018-11-23,56993.62905493205
2018-11-24,57011.477593157724
2018-11-25,57029.32613138341
2018-11-26,57047.174669609085
2018-11-27,57065.023207834776
2018-11-28,57082.871746060446
2018-11-29,57100.72028428613
2018-11-30,57118.568822511814
2018-12-01,57136.41736073748
2018-12-02,57154.265898963175
2018-12-03,57172.11443718885
2018-12-04,57189.962975414535
2018-12-05,57207.81151364021
2018-12-06,57225.660051865896
2018-12-07,57243.50859009158
2018-12-08,57261.35712831725
2018-12-09,57279.20566654294
2018-12-10,57297.05420476862
2018-12-11,57314.9027429943
2018-12-12,57332.751281219986
2018-12-13,57350.599819445655
2018-12-14,57368.44835767135
2018-12-15,57386.29689589702
2018-12-16,57404.1454341227
2018-12-17,57421.993972348384
2018-12-18,57439.84251057407
2018-12-19,57457.69104879975
2018-12-20,57475.53958702542
2018-12-21,57493.388125251106
2018-12-22,57511.23666347679
2018-12-23,57529.08520170247
2018-12-24,57546.93373992815
2018-12-25,57564.78227815383
2018-12-26,57582.63081637951
2018-12-27,57600.47935460519
2018-12-28,57618.32789283087
2018-12-29,57636.176431056556
2018-12-30,57654.02496928223
2018-12-31,57671.873507507924
2019-01-01,57683.24699338557
2019-01-02,57675.19532221911
2019-01-03,57667.14365105265
2019-01-04,57659.0919798862
2019-01-05,57651.04030871974
2019-01-06,57642.98863755329
2019-01-07,57634.936966386835
2019-01-08,57626.885295220374
2019-01-09,57618.83362405392
2019-01-10,57610.78195288746
2019-01-11,57602.73028172101
2019-01-12,57594.678610554554
2019-01-13,57586.626939388094
2019-01-14,57578.57526822164
2019-01-15,57570.52359705519
2019-01-16,57562.471925888734
2019-01-17,57554.420254722274
2019-01-18,57546.36858355581
2019-01-19,57538.31691238936
2019-01-20,57530.26524122291
2019-01-21,57522.213570056454
2019-01-22,57514.16189888999
2019-01-23,57506.11022772354
2019-01-24,57498.05855655709
2019-01-25,57490.00688539063
2019-01-26,57481.955214224174
2019-01-27,57473.90354305771
2019-01-28,57465.85187189125
2019-01-29,57457.80020072481
2019-01-30,57449.74852955835
2019-01-31,57441.6968583919
2019-02-01,57433.64518722544
2019-02-02,57425.59351605898
2019-02-03,57417.54184489253
2019-02-04,57409.490173726066
2019-02-05,57401.43850255962
2019-02-06,57393.38683139316
2019-02-07,57385.3351602267
2019-02-08,57377.283489060246
2019-02-09,57369.23181789379
2019-02-10,57361.18014672733
2019-02-11,57353.12847556088
2019-02-12,57345.07680439442
2019-02-13,57337.02513322797
2019-02-14,57328.97346206151
2019-02-15,57320.92179089505
2019-02-16,57312.8701197286
2019-02-17,57304.818448562146
2019-02-18,57296.76677739569
2019-02-19,57288.71510622923
2019-02-20,57280.66343506277
2019-02-21,57272.61176389632
2019-02-22,57264.560092729866
2019-02-23,57256.50842156341
2019-02-24,57248.45675039695
2019-02-25,57240.4050792305
2019-02-26,57232.353408064046
2019-02-27,57224.301736897585
2019-02-28,57216.25006573113
2019-03-01,57208.19839456467
2019-03-02,57200.14672339822
2019-03-03,57192.095052231765
2019-03-04,57184.043381065305
2019-03-05,57175.99170989886
2019-03-06,57167.9400387324
2019-03-07,57159.88836756594
2019-03-08,57151.836696399485
2019-03-09,57143.785025233024
2019-03-10,57135.73335406658
2019-03-11,57127.68168290012
2019-03-12,57119.63001173366
2019-03-13,57111.57834056721
2019-03-14,57103.52666940075
2019-03-15,57095.4749982343
2019-03-16,57087.42332706784
2019-03-17,57079.37165590138
2019-03-18,57071.31998473493
2019-03-19,57063.26831356847
2019-03-20,57055.21664240201
2019-03-21,57047.16497123556
2019-03-22,57039.113300069104
2019-03-23,57031.06162890265
2019-03-24,57023.00995773619
2019-03-25,57014.95828656973
2019-03-26,57006.906615403284
2019-03-27,56998.854944236824
2019-03-28,56990.80327307037
2019-03-29,56982.75160190391
2019-03-30,56974.69993073746
2019-03-31,56966.648259571004
2019-04-01,56958.59658840454
2019-04-02,56950.54491723809
2019-04-03,56942.49324607163
2019-04-04,56934.44157490518
2019-04-05,56926.389903738724
2019-04-06,56918.33823257227
2019-04-07,56910.28656140582
2019-04-08,56902.23489023936
2019-04-09,56894.1832190729
2019-04-10,56886.13154790644
2019-04-11,56878.07987673998
2019-04-12,56870.02820557354
2019-04-13,56861.97653440708
2019-04-14,56853.924863240616
2019-04-15,56845.87319207417
2019-04-16,56837.82152090771
2019-04-17,56829.76984974126
2019-04-18,56821.718178574796
2019-04-19,56813.666507408336
2019-04-20,56805.61483624189
2019-04-21,56797.56316507543
2019-04-22,56789.51149390897
2019-04-23,56781.45982274252
2019-04-24,56773.40815157606
2019-04-25,56765.35648040961
2019-04-26,56757.30480924315
2019-04-27,56749.25313807669
2019-04-28,56741.20146691024
2019-04-29,56733.14979574378
2019-04-30,56725.09812457733
2019-05-01,56717.046453410876
2019-05-02,56708.99478224442
2019-05-03,56700.94311107796
2019-05-04,56692.8914399115
2019-05-05,56684.83976874505
2019-05-06,56676.788097578596
2019-05-07,56668.736426412135
2019-05-08,56660.68475524568
2019-05-09,56652.63308407923
2019-05-10,56644.581412912776
2019-05-11,56636.529741746315
2019-05-12,56628.478070579855
2019-05-13,56620.4263994134
2019-05-14,56612.37472824694
2019-05-15,56604.323057080495
2019-05-16,56596.271385914035
2019-05-17,56588.21971474758
2019-05-18,56580.16804358113
2019-05-19,56572.11637241467
2019-05-20,56564.064701248215
2019-05-21,56556.013030081755
2019-05-22,56547.961358915294
2019-05-23,56539.90968774885
2019-05-24,56531.85801658239
2019-05-25,56523.80634541593
2019-05-26,56515.75467424948
2019-05-27,56507.70300308302
2019-05-28,56499.65133191657
2019-05-29,56491.59966075011
2019-05-30,56483.54798958366
2019-05-31,56475.4963184172
2019-06-01,56467.44464725074
2019-06-02,56459.39297608429
2019-06-03,56451.341304917834
2019-06-04,56443.28963375138
2019-06-05,56435.23796258492
2019-06-06,56427.18629141846
2019-06-07,56419.13462025201
2019-06-08,56411.082949085554
2019-06-09,56403.03127791909
2019-06-10,56394.97960675264
2019-06-11,56386.92793558619
2019-06-12,56378.876264419734
2019-06-13,56370.82459325327
2019-06-14,56362.77292208681
2019-06-15,56354.72125092036
2019-06-16,56346.66957975391
2019-06-17,56338.617908587454
2019-06-18,56330.56623742099
2019-06-19,56322.51456625455
2019-06-20,56314.46289508809
2019-06-21,56306.41122392163
2019-06-22,56298.35955275517
2019-06-23,56290.30788158871
2019-06-24,56282.25621042226
2019-06-25,56274.20453925581
2019-06-26,56266.152868089346
2019-06-27,56258.1011969229
2019-06-28,56250.04952575644
2019-06-29,56241.99785458998
2019-06-30,56233.946183423526
2019-07-01,56225.894512257066
2019-07-02,56217.84284109062
2019-07-03,56209.79116992416
2019-07-04,56201.7394987577
2019-07-05,56193.687827591246
2019-07-06,56185.63615642479
2019-07-07,56177.58448525834
2019-07-08,56169.53281409188
2019-07-09,56161.48114292542
2019-07-10,56153.42947175897
2019-07-11,56145.37780059251
2019-07-12,56137.32612942605
2019-07-13,56129.2744582596
2019-07-14,56121.222787093146
2019-07-15,56113.17111592669
2019-07-16,56105.11944476023
2019-07-17,56097.06777359377
2019-07-18,56089.01610242732
2019-07-19,56080.964431260865
2019-07-20,56072.91276009441
2019-07-21,56064.86108892796
2019-07-22,56056.809417761506
2019-07-23,56048.757746595045
2019-07-24,56040.706075428585
2019-07-25,56032.65440426213
2019-07-26,56024.60273309567
2019-07-27,56016.55106192922
2019-07-28,56008.499390762765
2019-07-29,56000.447719596305
2019-07-30,55992.39604842986
2019-07-31,55984.3443772634
2019-08-01,55976.29270609694
2019-08-02,55968.241034930485
2019-08-03,55960.189363764024
2019-08-04,55952.13769259758
2019-08-05,55944.08602143112
2019-08-06,55936.03435026466
2019-08-07,55927.98267909821
2019-08-08,55919.93100793175
2019-08-09,55911.8793367653
2019-08-10,55903.82766559884
2019-08-11,55895.77599443238
2019-08-12,55887.72432326593
2019-08-13,55879.67265209947
2019-08-14,55871.62098093301
2019-08-15,55863.569309766564
2019-08-16,55855.517638600104
2019-08-17,55847.46596743365
2019-08-18,55839.41429626719
2019-08-19,55831.36262510073
2019-08-20,55823.310953934284
2019-08-21,55815.25928276782
2019-08-22,55807.20761160137
2019-08-23,55799.15594043491
2019-08-24,55791.104269268464
2019-08-25,55783.052598102004
2019-08-26,55775.00092693554
2019-08-27,55766.94925576909
2019-08-28,55758.89758460263
2019-08-29,55750.84591343618
2019-08-30,55742.79424226972
2019-08-31,55734.74257110327
2019-09-01,55726.69089993682
2019-09-02,55718.63922877036
2019-09-03,55710.587557603896
2019-09-04,55702.53588643744
2019-09-05,55694.48421527098
2019-09-06,55686.43254410454
2019-09-07,55678.380872938076
2019-09-08,55670.329201771616
2019-09-09,55662.27753060517
2019-09-10,55654.22585943871
2019-09-11,55646.174188272256
2019-09-12,55638.122517105796
2019-09-13,55630.070845939335
2019-09-14,55622.01917477289
2019-09-15,55613.96750360643
2019-09-16,55605.91583243997
2019-09-17,55597.86416127352
2019-09-18,55589.81249010706
2019-09-19,55581.76081894061
2019-09-20,55573.70914777415
2019-09-21,55565.65747660769
2019-09-22,55557.60580544124
2019-09-23,55549.55413427478
2019-09-24,55541.50246310833
2019-09-25,55533.450791941876
2019-09-26,55525.39912077542
2019-09-27,55517.34744960896
2019-09-28,55509.2957784425
2019-09-29,55501.24410727605
2019-09-30,55493.192436109595
2019-10-01,55485.140764943135
2019-10-02,55477.08909377668
2019-10-03,55469.03742261023
2019-10-04,55460.985751443775
2019-10-05,55452.934080277315
2019-10-06,55444.882409110854
2019-10-07,55436.8307379444
2019-10-08,55428.77906677795
2019-10-09,55420.727395611495
2019-10-10,55412.675724445035
2019-10-11,55404.62405327859
2019-10-12,55396.57238211213
2019-10-13,55388.52071094567
2019-10-14,55380.469039779215
2019-10-15,55372.417368612754
2019-10-16,55364.365697446294
2019-10-17,55356.31402627985
2019-10-18,55348.26235511339
2019-10-19,55340.210683946934
2019-10-20,55332.15901278048
2019-10-21,55324.10734161402
2019-10-22,55316.05567044757
2019-10-23,55308.00399928111
2019-10-24,55299.95232811466
2019-10-25,55291.9006569482
2019-10-26,55283.84898578174
2019-10-27,55275.79731461529
2019-10-28,55267.745643448834
2019-10-29,55259.69397228238
2019-10-30,55251.64230111592
2019-10-31,55243.59062994946
2019-11-01,55235.53895878301
2019-11-02,55227.487287616554
2019-11-03,55219.43561645009
2019-11-04,55211.38394528365
2019-11-05,55203.33227411719
2019-11-06,55195.280602950734
2019-11-07,55187.22893178427
2019-11-08,55179.17726061781
2019-11-09,55171.12558945136
2019-11-10,55163.07391828491
2019-11-11,55155.02224711845
2019-11-12,55146.97057595199
2019-11-13,55138.91890478555
2019-11-14,55130.86723361909
2019-11-15,55122.815562452626
2019-11-16,55114.76389128617
2019-11-17,55106.71222011971
2019-11-18,55098.66054895326
2019-11-19,55090.608877786806
2019-11-20,55082.557206620346
2019-11-21,55074.5055354539
2019-11-22,55066.45386428744
2019-11-23,55058.40219312098
2019-11-24,55050.350521954526
2019-11-25,55042.298850788065
2019-11-26,55034.24717962162
2019-11-27,55026.19550845516
2019-11-28,55018.1438372887
2019-11-29,55010.09216612225
2019-11-30,55002.04049495579
2019-12-01,54993.98882378934
2019-12-02,54985.93715262288
2019-12-03,54977.88548145642
2019-12-04,54969.83381028997
2019-12-05,54961.78213912351
2019-12-06,54953.73046795706
2019-12-07,54945.6787967906
2019-12-08,54937.627125624145
2019-12-09,54929.57545445769
2019-12-10,54921.52378329123
2019-12-11,54913.47211212477
2019-12-12,54905.42044095832
2019-12-13,54897.368769791865
2019-12-14,54889.31709862541
2019-12-15,54881.26542745896
2019-12-16,54873.213756292505
2019-12-17,54865.162085126045
2019-12-18,54857.110413959585
2019-12-19,54849.05874279313
2019-12-20,54841.00707162667
2019-12-21,54832.95540046022
2019-12-22,54824.903729293765
2019-12-23,54816.852058127304
2019-12-24,54808.80038696086
2019-12-25,54800.7487157944
2019-12-26,54792.69704462794
2019-12-27,54784.645373461484
2019-12-28,54776.593702295024
2019-12-29,54768.54203112858
2019-12-30,54760.49035996212
2019-12-31,54752.43868879566
2020-01-01,54744.38701762921
2020-01-02,54736.33534646275
2020-01-03,54728.2836752963
2020-01-04,54720.23200412984
2020-01-05,54712.18033296338
2020-01-06,54704.12866179693
2020-01-07,54696.07699063047
