utc_timestamp,local_time,forecast_MW,actual_MW,abs_pct_err
2020-01-01 00:00:00+00:00,2020-01-01 01:00:00+01:00,41062.9,41187.0,0.3
2020-01-01 01:00:00+00:00,2020-01-01 02:00:00+01:00,39874.8,40398.0,1.3
2020-01-01 02:00:00+00:00,2020-01-01 03:00:00+01:00,39756.0,38919.0,2.15
2020-01-01 03:00:00+00:00,2020-01-01 04:00:00+01:00,40312.9,38879.0,3.69
2020-01-01 04:00:00+00:00,2020-01-01 05:00:00+01:00,39479.9,39162.0,0.81
2020-01-01 05:00:00+00:00,2020-01-01 06:00:00+01:00,40853.1,37510.0,8.91
2020-01-01 06:00:00+00:00,2020-01-01 07:00:00+01:00,36309.3,37892.0,4.18
2020-01-01 07:00:00+00:00,2020-01-01 08:00:00+01:00,38594.0,38677.0,0.21
2020-01-01 08:00:00+00:00,2020-01-01 09:00:00+01:00,40387.9,41091.0,1.71
2020-01-01 09:00:00+00:00,2020-01-01 10:00:00+01:00,44928.3,43094.0,4.26
2020-01-01 10:00:00+00:00,2020-01-01 11:00:00+01:00,48553.0,45249.0,7.3
2020-01-01 11:00:00+00:00,2020-01-01 12:00:00+01:00,48102.3,46498.0,3.45
2020-01-01 12:00:00+00:00,2020-01-01 13:00:00+01:00,47895.0,46328.0,3.38
2020-01-01 13:00:00+00:00,2020-01-01 14:00:00+01:00,44862.7,45115.0,0.56
2020-01-01 14:00:00+00:00,2020-01-01 15:00:00+01:00,46213.7,45039.0,2.61
2020-01-01 15:00:00+00:00,2020-01-01 16:00:00+01:00,47779.2,47313.0,0.99
2020-01-01 16:00:00+00:00,2020-01-01 17:00:00+01:00,51762.8,51194.0,1.11
2020-01-01 17:00:00+00:00,2020-01-01 18:00:00+01:00,52157.7,51755.0,0.78
2020-01-01 18:00:00+00:00,2020-01-01 19:00:00+01:00,50301.2,50732.0,0.85
2020-01-01 19:00:00+00:00,2020-01-01 20:00:00+01:00,48001.6,48591.0,1.21
2020-01-01 20:00:00+00:00,2020-01-01 21:00:00+01:00,46726.8,47664.0,1.97
2020-01-01 21:00:00+00:00,2020-01-01 22:00:00+01:00,45165.8,46994.0,3.89
2020-01-01 22:00:00+00:00,2020-01-01 23:00:00+01:00,44596.0,44105.0,1.11
2020-01-01 23:00:00+00:00,2020-01-02 00:00:00+01:00,44775.7,42547.0,5.24
2020-01-02 00:00:00+00:00,2020-01-02 01:00:00+01:00,42383.4,41194.0,2.89
2020-01-02 01:00:00+00:00,2020-01-02 02:00:00+01:00,42003.0,40773.0,3.02
2020-01-02 02:00:00+00:00,2020-01-02 03:00:00+01:00,41866.4,40795.0,2.63
2020-01-02 03:00:00+00:00,2020-01-02 04:00:00+01:00,42506.2,41774.0,1.75
2020-01-02 04:00:00+00:00,2020-01-02 05:00:00+01:00,45102.5,43961.0,2.6
2020-01-02 05:00:00+00:00,2020-01-02 06:00:00+01:00,50293.7,47850.0,5.11
2020-01-02 06:00:00+00:00,2020-01-02 07:00:00+01:00,54403.3,52828.0,2.98
2020-01-02 07:00:00+00:00,2020-01-02 08:00:00+01:00,58353.7,56329.0,3.59
2020-01-02 08:00:00+00:00,2020-01-02 09:00:00+01:00,61494.6,58780.0,4.62
2020-01-02 09:00:00+00:00,2020-01-02 10:00:00+01:00,62802.9,59588.0,5.4
2020-01-02 10:00:00+00:00,2020-01-02 11:00:00+01:00,64213.1,60169.0,6.72
2020-01-02 11:00:00+00:00,2020-01-02 12:00:00+01:00,64218.1,60786.0,5.65
2020-01-02 12:00:00+00:00,2020-01-02 13:00:00+01:00,63857.4,60272.0,5.95
2020-01-02 13:00:00+00:00,2020-01-02 14:00:00+01:00,62447.0,59483.0,4.98
2020-01-02 14:00:00+00:00,2020-01-02 15:00:00+01:00,61191.9,59173.0,3.41
2020-01-02 15:00:00+00:00,2020-01-02 16:00:00+01:00,61752.4,60091.0,2.76
2020-01-02 16:00:00+00:00,2020-01-02 17:00:00+01:00,65578.1,62599.0,4.76
2020-01-02 17:00:00+00:00,2020-01-02 18:00:00+01:00,65710.7,62923.0,4.43
2020-01-02 18:00:00+00:00,2020-01-02 19:00:00+01:00,63900.7,61932.0,3.18
2020-01-02 19:00:00+00:00,2020-01-02 20:00:00+01:00,59538.7,58422.0,1.91
2020-01-02 20:00:00+00:00,2020-01-02 21:00:00+01:00,55353.6,55661.0,0.55
2020-01-02 21:00:00+00:00,2020-01-02 22:00:00+01:00,53458.4,54103.0,1.19
2020-01-02 22:00:00+00:00,2020-01-02 23:00:00+01:00,52005.0,50732.0,2.51
2020-01-02 23:00:00+00:00,2020-01-03 00:00:00+01:00,48864.6,47641.0,2.57
2020-01-03 00:00:00+00:00,2020-01-03 01:00:00+01:00,46266.0,46071.0,0.42
2020-01-03 01:00:00+00:00,2020-01-03 02:00:00+01:00,45934.6,45485.0,0.99
2020-01-03 02:00:00+00:00,2020-01-03 03:00:00+01:00,46057.7,45301.0,1.67
2020-01-03 03:00:00+00:00,2020-01-03 04:00:00+01:00,46988.3,46070.0,1.99
2020-01-03 04:00:00+00:00,2020-01-03 05:00:00+01:00,48057.0,47894.0,0.34
2020-01-03 05:00:00+00:00,2020-01-03 06:00:00+01:00,53984.3,51787.0,4.24
2020-01-03 06:00:00+00:00,2020-01-03 07:00:00+01:00,58472.5,55935.0,4.54
2020-01-03 07:00:00+00:00,2020-01-03 08:00:00+01:00,62360.0,59496.0,4.81
2020-01-03 08:00:00+00:00,2020-01-03 09:00:00+01:00,64187.5,60888.0,5.42
2020-01-03 09:00:00+00:00,2020-01-03 10:00:00+01:00,64870.9,61751.0,5.05
2020-01-03 10:00:00+00:00,2020-01-03 11:00:00+01:00,66510.6,63204.0,5.23
2020-01-03 11:00:00+00:00,2020-01-03 12:00:00+01:00,66694.1,63230.0,5.48
2020-01-03 12:00:00+00:00,2020-01-03 13:00:00+01:00,65419.7,61575.0,6.24
2020-01-03 13:00:00+00:00,2020-01-03 14:00:00+01:00,63433.0,60449.0,4.94
2020-01-03 14:00:00+00:00,2020-01-03 15:00:00+01:00,63190.4,59983.0,5.35
2020-01-03 15:00:00+00:00,2020-01-03 16:00:00+01:00,64771.4,60757.0,6.61
2020-01-03 16:00:00+00:00,2020-01-03 17:00:00+01:00,67472.2,62491.0,7.97
2020-01-03 17:00:00+00:00,2020-01-03 18:00:00+01:00,67350.3,62157.0,8.36
2020-01-03 18:00:00+00:00,2020-01-03 19:00:00+01:00,64630.5,60931.0,6.07
2020-01-03 19:00:00+00:00,2020-01-03 20:00:00+01:00,60073.4,56910.0,5.56
2020-01-03 20:00:00+00:00,2020-01-03 21:00:00+01:00,55875.8,53806.0,3.85
2020-01-03 21:00:00+00:00,2020-01-03 22:00:00+01:00,54838.3,52540.0,4.37
2020-01-03 22:00:00+00:00,2020-01-03 23:00:00+01:00,52781.4,49359.0,6.93
2020-01-03 23:00:00+00:00,2020-01-04 00:00:00+01:00,47335.8,46773.0,1.2
2020-01-04 00:00:00+00:00,2020-01-04 01:00:00+01:00,45434.1,45003.0,0.96
2020-01-04 01:00:00+00:00,2020-01-04 02:00:00+01:00,44510.4,44345.0,0.37
2020-01-04 02:00:00+00:00,2020-01-04 03:00:00+01:00,43872.0,43801.0,0.16
2020-01-04 03:00:00+00:00,2020-01-04 04:00:00+01:00,45190.8,44501.0,1.55
2020-01-04 04:00:00+00:00,2020-01-04 05:00:00+01:00,45530.2,45049.0,1.07
2020-01-04 05:00:00+00:00,2020-01-04 06:00:00+01:00,46730.5,46138.0,1.28
2020-01-04 06:00:00+00:00,2020-01-04 07:00:00+01:00,48145.3,48876.0,1.5
2020-01-04 07:00:00+00:00,2020-01-04 08:00:00+01:00,51860.7,51876.0,0.03
2020-01-04 08:00:00+00:00,2020-01-04 09:00:00+01:00,52988.8,55337.0,4.24
2020-01-04 09:00:00+00:00,2020-01-04 10:00:00+01:00,55344.7,57584.0,3.89
2020-01-04 10:00:00+00:00,2020-01-04 11:00:00+01:00,57429.3,59443.0,3.39
2020-01-04 11:00:00+00:00,2020-01-04 12:00:00+01:00,57492.3,59873.0,3.98
2020-01-04 12:00:00+00:00,2020-01-04 13:00:00+01:00,55860.6,58499.0,4.51
2020-01-04 13:00:00+00:00,2020-01-04 14:00:00+01:00,55181.0,57624.0,4.24
2020-01-04 14:00:00+00:00,2020-01-04 15:00:00+01:00,55052.2,56651.0,2.82
2020-01-04 15:00:00+00:00,2020-01-04 16:00:00+01:00,55326.7,58144.0,4.85
2020-01-04 16:00:00+00:00,2020-01-04 17:00:00+01:00,59227.5,60436.0,2.0
2020-01-04 17:00:00+00:00,2020-01-04 18:00:00+01:00,58954.9,59971.0,1.69
2020-01-04 18:00:00+00:00,2020-01-04 19:00:00+01:00,55816.8,58093.0,3.92
2020-01-04 19:00:00+00:00,2020-01-04 20:00:00+01:00,52771.1,54603.0,3.35
2020-01-04 20:00:00+00:00,2020-01-04 21:00:00+01:00,50958.0,52028.0,2.06
2020-01-04 21:00:00+00:00,2020-01-04 22:00:00+01:00,49689.6,50722.0,2.04
2020-01-04 22:00:00+00:00,2020-01-04 23:00:00+01:00,47105.2,47994.0,1.85
2020-01-04 23:00:00+00:00,2020-01-05 00:00:00+01:00,43887.8,44880.0,2.21
2020-01-05 00:00:00+00:00,2020-01-05 01:00:00+01:00,42219.4,42638.0,0.98
2020-01-05 01:00:00+00:00,2020-01-05 02:00:00+01:00,41102.2,41865.0,1.82
2020-01-05 02:00:00+00:00,2020-01-05 03:00:00+01:00,40321.7,40752.0,1.06
2020-01-05 03:00:00+00:00,2020-01-05 04:00:00+01:00,40509.3,40754.0,0.6
2020-01-05 04:00:00+00:00,2020-01-05 05:00:00+01:00,40637.2,40409.0,0.56
2020-01-05 05:00:00+00:00,2020-01-05 06:00:00+01:00,40413.4,39751.0,1.67
2020-01-05 06:00:00+00:00,2020-01-05 07:00:00+01:00,40791.9,41953.0,2.77
2020-01-05 07:00:00+00:00,2020-01-05 08:00:00+01:00,44314.7,43752.0,1.29
2020-01-05 08:00:00+00:00,2020-01-05 09:00:00+01:00,47664.0,47044.0,1.32
2020-01-05 09:00:00+00:00,2020-01-05 10:00:00+01:00,50878.7,50397.0,0.96
2020-01-05 10:00:00+00:00,2020-01-05 11:00:00+01:00,52111.8,52744.0,1.2
2020-01-05 11:00:00+00:00,2020-01-05 12:00:00+01:00,52835.5,52825.0,0.02
2020-01-05 12:00:00+00:00,2020-01-05 13:00:00+01:00,52558.7,51568.0,1.92
2020-01-05 13:00:00+00:00,2020-01-05 14:00:00+01:00,51713.5,50470.0,2.46
2020-01-05 14:00:00+00:00,2020-01-05 15:00:00+01:00,51091.5,50177.0,1.82
2020-01-05 15:00:00+00:00,2020-01-05 16:00:00+01:00,51488.8,51651.0,0.31
2020-01-05 16:00:00+00:00,2020-01-05 17:00:00+01:00,54819.7,55601.0,1.41
2020-01-05 17:00:00+00:00,2020-01-05 18:00:00+01:00,55829.9,56412.0,1.03
2020-01-05 18:00:00+00:00,2020-01-05 19:00:00+01:00,54094.5,54808.0,1.3
2020-01-05 19:00:00+00:00,2020-01-05 20:00:00+01:00,51333.2,52478.0,2.18
2020-01-05 20:00:00+00:00,2020-01-05 21:00:00+01:00,50064.6,50972.0,1.78
2020-01-05 21:00:00+00:00,2020-01-05 22:00:00+01:00,49967.1,50438.0,0.93
2020-01-05 22:00:00+00:00,2020-01-05 23:00:00+01:00,48303.6,47398.0,1.91
2020-01-05 23:00:00+00:00,2020-01-06 00:00:00+01:00,44225.1,45225.0,2.21
2020-01-06 00:00:00+00:00,2020-01-06 01:00:00+01:00,42041.0,43646.0,3.68
2020-01-06 01:00:00+00:00,2020-01-06 02:00:00+01:00,41649.0,42812.0,2.72
2020-01-06 02:00:00+00:00,2020-01-06 03:00:00+01:00,41824.6,43212.0,3.21
2020-01-06 03:00:00+00:00,2020-01-06 04:00:00+01:00,43450.3,44464.0,2.28
2020-01-06 04:00:00+00:00,2020-01-06 05:00:00+01:00,47587.9,47111.0,1.01
2020-01-06 05:00:00+00:00,2020-01-06 06:00:00+01:00,54047.3,51821.0,4.3
2020-01-06 06:00:00+00:00,2020-01-06 07:00:00+01:00,61914.1,57075.0,8.48
2020-01-06 07:00:00+00:00,2020-01-06 08:00:00+01:00,64662.0,59509.0,8.66
2020-01-06 08:00:00+00:00,2020-01-06 09:00:00+01:00,65555.3,61130.0,7.24
2020-01-06 09:00:00+00:00,2020-01-06 10:00:00+01:00,66692.6,62336.0,6.99
2020-01-06 10:00:00+00:00,2020-01-06 11:00:00+01:00,67633.2,63191.0,7.03
2020-01-06 11:00:00+00:00,2020-01-06 12:00:00+01:00,67270.4,63404.0,6.1
2020-01-06 12:00:00+00:00,2020-01-06 13:00:00+01:00,66907.6,62372.0,7.27
2020-01-06 13:00:00+00:00,2020-01-06 14:00:00+01:00,66057.9,61577.0,7.28
2020-01-06 14:00:00+00:00,2020-01-06 15:00:00+01:00,65186.3,61264.0,6.4
2020-01-06 15:00:00+00:00,2020-01-06 16:00:00+01:00,66188.3,62276.0,6.28
2020-01-06 16:00:00+00:00,2020-01-06 17:00:00+01:00,68689.5,66018.0,4.05
2020-01-06 17:00:00+00:00,2020-01-06 18:00:00+01:00,68394.1,66215.0,3.29
2020-01-06 18:00:00+00:00,2020-01-06 19:00:00+01:00,66167.2,64831.0,2.06
2020-01-06 19:00:00+00:00,2020-01-06 20:00:00+01:00,62353.2,61350.0,1.64
2020-01-06 20:00:00+00:00,2020-01-06 21:00:00+01:00,59009.3,58821.0,0.32
2020-01-06 21:00:00+00:00,2020-01-06 22:00:00+01:00,56569.8,56577.0,0.01
2020-01-06 22:00:00+00:00,2020-01-06 23:00:00+01:00,54116.9,52904.0,2.29
2020-01-06 23:00:00+00:00,2020-01-07 00:00:00+01:00,51551.3,50708.0,1.66
2020-01-07 00:00:00+00:00,2020-01-07 01:00:00+01:00,48763.1,49617.0,1.72
2020-01-07 01:00:00+00:00,2020-01-07 02:00:00+01:00,47768.5,48105.0,0.7
2020-01-07 02:00:00+00:00,2020-01-07 03:00:00+01:00,48571.3,48553.0,0.04
2020-01-07 03:00:00+00:00,2020-01-07 04:00:00+01:00,51246.7,50054.0,2.38
2020-01-07 04:00:00+00:00,2020-01-07 05:00:00+01:00,53278.8,53241.0,0.07
2020-01-07 05:00:00+00:00,2020-01-07 06:00:00+01:00,59772.5,60420.0,1.07
2020-01-07 06:00:00+00:00,2020-01-07 07:00:00+01:00,67135.9,66527.0,0.92
2020-01-07 07:00:00+00:00,2020-01-07 08:00:00+01:00,69086.4,69198.0,0.16
2020-01-07 08:00:00+00:00,2020-01-07 09:00:00+01:00,69551.5,69408.0,0.21
2020-01-07 09:00:00+00:00,2020-01-07 10:00:00+01:00,70120.3,69896.0,0.32
2020-01-07 10:00:00+00:00,2020-01-07 11:00:00+01:00,70597.4,70089.0,0.73
2020-01-07 11:00:00+00:00,2020-01-07 12:00:00+01:00,70420.7,69367.0,1.52
2020-01-07 12:00:00+00:00,2020-01-07 13:00:00+01:00,70027.6,69465.0,0.81
2020-01-07 13:00:00+00:00,2020-01-07 14:00:00+01:00,69085.4,68854.0,0.34
2020-01-07 14:00:00+00:00,2020-01-07 15:00:00+01:00,68554.1,68089.0,0.68
2020-01-07 15:00:00+00:00,2020-01-07 16:00:00+01:00,69050.5,68574.0,0.69
2020-01-07 16:00:00+00:00,2020-01-07 17:00:00+01:00,71305.0,70914.0,0.55
2020-01-07 17:00:00+00:00,2020-01-07 18:00:00+01:00,70858.0,70678.0,0.25
2020-01-07 18:00:00+00:00,2020-01-07 19:00:00+01:00,69395.5,68990.0,0.59
2020-01-07 19:00:00+00:00,2020-01-07 20:00:00+01:00,66364.5,65235.0,1.73
2020-01-07 20:00:00+00:00,2020-01-07 21:00:00+01:00,61683.0,61997.0,0.51
2020-01-07 21:00:00+00:00,2020-01-07 22:00:00+01:00,58442.7,59030.0,0.99
2020-01-07 22:00:00+00:00,2020-01-07 23:00:00+01:00,54019.9,55343.0,2.39
2020-01-07 23:00:00+00:00,2020-01-08 00:00:00+01:00,52888.7,52694.0,0.37
