utc_timestamp,forecast_MW,actual_MW,error_MW,abs_pct_err
2020-01-01 00:00:00+00:00,42302.964517348126,41187.0,1115.9645173481258,2.709506682565192
2020-01-01 01:00:00+00:00,41024.504620429434,40398.0,626.504620429434,1.5508307847651714
2020-01-01 02:00:00+00:00,39836.810396800254,38919.0,917.8103968002542,2.3582579120744476
2020-01-01 03:00:00+00:00,39517.33556554884,38879.0,638.3355655488413,1.641851810871785
2020-01-01 04:00:00+00:00,39149.25952911477,39162.0,-12.740470885226387,0.03253273807575299
2020-01-01 05:00:00+00:00,38332.551477069064,37510.0,822.5514770690643,2.1928858359612486
2020-01-01 06:00:00+00:00,38887.091386394844,37892.0,995.0913863948444,2.6261252675890545
2020-01-01 07:00:00+00:00,39742.26766301993,38677.0,1065.2676630199276,2.7542665227911356
2020-01-01 08:00:00+00:00,42185.41660108045,41091.0,1094.4166010804474,2.6633973402459112
2020-01-01 09:00:00+00:00,44661.35979100658,43094.0,1567.35979100658,3.6370719613091844
2020-01-01 10:00:00+00:00,47203.27622060917,45249.0,1954.276220609172,4.3189379226262945
2020-01-01 11:00:00+00:00,47854.54864953892,46498.0,1356.5486495389196,2.9174344047892804
2020-01-01 12:00:00+00:00,46502.6055206436,46328.0,174.60552064359945,0.3768898304342934
2020-01-01 13:00:00+00:00,46108.52186604478,45115.0,993.521866044779,2.202198528304952
2020-01-01 14:00:00+00:00,46584.617545595764,45039.0,1545.6175455957637,3.431731489588498
2020-01-01 15:00:00+00:00,48769.59499304498,47313.0,1456.5949930449788,3.078635878183541
2020-01-01 16:00:00+00:00,52463.15198573228,51194.0,1269.1519857322783,2.4791029920152328
2020-01-01 17:00:00+00:00,53056.905108706065,51755.0,1301.9051087060652,2.515515619178949
2020-01-01 18:00:00+00:00,52086.36825712679,50732.0,1354.3682571267927,2.6696527973010973
2020-01-01 19:00:00+00:00,49623.47871770807,48591.0,1032.4787177080725,2.124835294001096
2020-01-01 20:00:00+00:00,47952.55382532111,47664.0,288.5538253211125,0.6053915435572184
2020-01-01 21:00:00+00:00,47531.38776685731,46994.0,537.3877668573114,1.143524209169918
2020-01-01 22:00:00+00:00,44596.54636952815,44105.0,491.54636952815054,1.1144912584245563
2020-01-01 23:00:00+00:00,41916.20106016985,42547.0,-630.7989398301506,1.4825932259152246
2020-01-02 00:00:00+00:00,40098.08946212064,41194.0,-1095.910537879361,2.6603644654060328
2020-01-02 01:00:00+00:00,39369.014604795324,40773.0,-1403.985395204676,3.443419407952998
2020-01-02 02:00:00+00:00,39260.1786551303,40795.0,-1534.8213448696988,3.762278085230295
2020-01-02 03:00:00+00:00,40482.04440340048,41774.0,-1291.9555965995169,3.0927265681991596
2020-01-02 04:00:00+00:00,42845.500743499506,43961.0,-1115.499256500494,2.5374747082652673
2020-01-02 05:00:00+00:00,47487.77800302703,47850.0,-362.2219969729704,0.7569947690135223
2020-01-02 06:00:00+00:00,52793.11331525845,52828.0,-34.88668474154838,0.06603824627384793
2020-01-02 07:00:00+00:00,56674.76805304908,56329.0,345.7680530490834,0.6138366614871263
2020-01-02 08:00:00+00:00,59762.32400093364,58780.0,982.3240009336369,1.6711874803226212
2020-01-02 09:00:00+00:00,62217.5914991343,59588.0,2629.5914991343016,4.412954788102137
2020-01-02 10:00:00+00:00,63547.293974250366,60169.0,3378.293974250366,5.614675288355076
2020-01-02 11:00:00+00:00,63845.43876943598,60786.0,3059.438769435983,5.033130604803709
2020-01-02 12:00:00+00:00,63004.94539127821,60272.0,2732.945391278212,4.534353250727057
2020-01-02 13:00:00+00:00,61923.62634542852,59483.0,2440.6263454285217,4.103065321904614
2020-01-02 14:00:00+00:00,61592.839136063565,59173.0,2419.839136063565,4.0894312204275005
2020-01-02 15:00:00+00:00,62867.94648386764,60091.0,2776.946483867643,4.621235266292195
2020-01-02 16:00:00+00:00,66025.92649992848,62599.0,3426.9264999284787,5.4744109329677455
2020-01-02 17:00:00+00:00,65944.04338588683,62923.0,3021.0433858868346,4.801175064581845
2020-01-02 18:00:00+00:00,64208.07106625254,61932.0,2276.071066252538,3.6751131341673737
2020-01-02 19:00:00+00:00,60326.63715395469,58422.0,1904.637153954689,3.2601368559013544
2020-01-02 20:00:00+00:00,57360.298171166025,55661.0,1699.298171166025,3.0529422237581523
2020-01-02 21:00:00+00:00,55562.39149266686,54103.0,1459.3914926668585,2.6974317369958385
2020-01-02 22:00:00+00:00,51481.08229742986,50732.0,749.0822974298571,1.4765479331188542
2020-01-02 23:00:00+00:00,47865.03838502437,47641.0,224.03838502436702,0.47026381693156527
2020-01-03 00:00:00+00:00,45718.96474339143,46071.0,-352.0352566085712,0.7641146417672098
2020-01-03 01:00:00+00:00,44681.780708728154,45485.0,-803.2192912718456,1.765899288274916
2020-01-03 02:00:00+00:00,44501.48659878087,45301.0,-799.5134012191265,1.7648912854443093
2020-01-03 03:00:00+00:00,45141.87466671755,46070.0,-928.125333282449,2.0145980752820685
2020-01-03 04:00:00+00:00,46716.53306673992,47894.0,-1177.4669332600824,2.458485265920747
2020-01-03 05:00:00+00:00,50233.320169568215,51787.0,-1553.6798304317854,3.0001348416239315
2020-01-03 06:00:00+00:00,54439.15483166754,55935.0,-1495.8451683324602,2.6742561336059003
2020-01-03 07:00:00+00:00,57845.81978940031,59496.0,-1650.1802105996903,2.773598579063618
2020-01-03 08:00:00+00:00,60154.94382529067,60888.0,-733.0561747093307,1.2039419503175184
2020-01-03 09:00:00+00:00,61860.40174931367,61751.0,109.40174931367073,0.1771659557151637
2020-01-03 10:00:00+00:00,63715.68243409589,63204.0,511.68243409589195,0.8095728657931333
2020-01-03 11:00:00+00:00,63752.109011732915,63230.0,522.109011732915,0.825729893615238
2020-01-03 12:00:00+00:00,62903.98463897487,61575.0,1328.984638974871,2.1583185367029976
2020-01-03 13:00:00+00:00,61657.455558023656,60449.0,1208.4555580236556,1.9991324224117117
2020-01-03 14:00:00+00:00,61266.42497423515,59983.0,1283.424974235153,2.139647857284819
2020-01-03 15:00:00+00:00,62863.49943154543,60757.0,2106.4994315454314,3.4670892762075667
2020-01-03 16:00:00+00:00,65995.34201499792,62491.0,3504.342014997921,5.607754740679331
2020-01-03 17:00:00+00:00,66097.3023747666,62157.0,3940.302374766601,6.339273733878084
2020-01-03 18:00:00+00:00,64460.80521435843,60931.0,3529.805214358428,5.793118797259898
2020-01-03 19:00:00+00:00,60827.95062124106,56910.0,3917.9506212410633,6.884467793430088
2020-01-03 20:00:00+00:00,58175.32464363332,53806.0,4369.324643633321,8.120515636979745
2020-01-03 21:00:00+00:00,56549.46870799867,52540.0,4009.468707998669,7.631268953175997
2020-01-03 22:00:00+00:00,53033.98042267833,49359.0,3674.980422678331,7.445411014563364
2020-01-03 23:00:00+00:00,49703.22396443801,46773.0,2930.2239644380097,6.264776611374104
2020-01-04 00:00:00+00:00,47130.86956839807,45003.0,2127.8695683980695,4.728283821963135
2020-01-04 01:00:00+00:00,46066.343878921376,44345.0,1721.343878921376,3.8817090515759975
2020-01-04 02:00:00+00:00,46099.545411514984,43801.0,2298.545411514984,5.247700763715405
2020-01-04 03:00:00+00:00,46978.448649063095,44501.0,2477.448649063095,5.567175229911901
2020-01-04 04:00:00+00:00,48945.69672671924,45049.0,3896.6967267192376,8.649907271458273
2020-01-04 05:00:00+00:00,53221.430791852894,46138.0,7083.430791852894,15.352704477551896
2020-01-04 06:00:00+00:00,58703.34592663975,48876.0,9827.345926639748,20.10669025010178
2020-01-04 07:00:00+00:00,62078.981001133805,51876.0,10202.981001133805,19.668017968104333
2020-01-04 08:00:00+00:00,63718.031201708436,55337.0,8381.031201708436,15.145438317415898
2020-01-04 09:00:00+00:00,65214.065022147384,57584.0,7630.065022147384,13.25032130825817
2020-01-04 10:00:00+00:00,66754.84892015865,59443.0,7311.848920158649,12.300605487876872
2020-01-04 11:00:00+00:00,66938.84927160187,59873.0,7065.849271601866,11.80139507223935
2020-01-04 12:00:00+00:00,65795.64535849805,58499.0,7296.645358498048,12.473111264291779
2020-01-04 13:00:00+00:00,64420.233417431366,57624.0,6796.2334174313655,11.79410214048203
2020-01-04 14:00:00+00:00,63894.097962361775,56651.0,7243.097962361775,12.785472387710323
2020-01-04 15:00:00+00:00,65057.61735878188,58144.0,6913.617358781878,11.890508666039278
2020-01-04 16:00:00+00:00,67703.16497994935,60436.0,7267.164979949346,12.02456314109032
2020-01-04 17:00:00+00:00,67370.06224758127,59971.0,7399.062247581271,12.337733650566559
2020-01-04 18:00:00+00:00,65530.45536991814,58093.0,7437.4553699181415,12.80267049372238
2020-01-04 19:00:00+00:00,61813.11475139994,54603.0,7210.1147513999385,13.204612844349098
2020-01-04 20:00:00+00:00,59117.89682007887,52028.0,7089.896820078873,13.627079303603583
2020-01-04 21:00:00+00:00,57678.255628804414,50722.0,6956.255628804414,13.714474249446818
2020-01-04 22:00:00+00:00,53714.183360934876,47994.0,5720.183360934876,11.918538485925065
2020-01-04 23:00:00+00:00,50198.94577385552,44880.0,5318.945773855521,11.851483453332266
2020-01-05 00:00:00+00:00,48037.14426303097,42638.0,5399.144263030968,12.662752153081684
2020-01-05 01:00:00+00:00,47015.59882564508,41865.0,5150.59882564508,12.30287549419582
2020-01-05 02:00:00+00:00,47055.26916952811,40752.0,6303.26916952811,15.467386065783545
2020-01-05 03:00:00+00:00,48009.597978492755,40754.0,7255.597978492755,17.803400840390527
2020-01-05 04:00:00+00:00,50190.23294249033,40409.0,9781.23294249033,24.205580297682026
2020-01-05 05:00:00+00:00,54894.05398620526,39751.0,15143.053986205261,38.09477493951161
2020-01-05 06:00:00+00:00,60228.209630183526,41953.0,18275.209630183526,43.56115088356858
2020-01-05 07:00:00+00:00,63461.756127782784,43752.0,19709.756127782784,45.04881177496522
2020-01-05 08:00:00+00:00,64853.14288374123,47044.0,17809.14288374123,37.85635337926458
2020-01-05 09:00:00+00:00,66141.52719736662,50397.0,15744.527197366624,31.241000848000127
2020-01-05 10:00:00+00:00,67275.49742749908,52744.0,14531.497427499082,27.55099618439838
2020-01-05 11:00:00+00:00,67393.65149515787,52825.0,14568.651495157872,27.57908470451088
2020-01-05 12:00:00+00:00,66169.25567850239,51568.0,14601.255678502392,28.314566549996883
2020-01-05 13:00:00+00:00,64982.23842645211,50470.0,14512.23842645211,28.75418749049358
2020-01-05 14:00:00+00:00,64385.7616111909,50177.0,14208.761611190901,28.31728005100126
2020-01-05 15:00:00+00:00,65190.17111114806,51651.0,13539.171111148062,26.21279570801739
2020-01-05 16:00:00+00:00,68141.58116335465,55601.0,12540.581163354655,22.55459643415524
2020-01-05 17:00:00+00:00,67917.45446401404,56412.0,11505.454464014038,20.395402510129117
2020-01-05 18:00:00+00:00,66181.43538321537,54808.0,11373.435383215372,20.751414726345374
2020-01-05 19:00:00+00:00,62137.83952404059,52478.0,9659.839524040588,18.40740791196423
2020-01-05 20:00:00+00:00,58862.665166790146,50972.0,7890.665166790146,15.480391522385126
2020-01-05 21:00:00+00:00,57141.44664235578,50438.0,6703.446642355782,13.290468778214407
2020-01-05 22:00:00+00:00,53270.71717359553,47398.0,5872.717173595527,12.39022147262654
2020-01-05 23:00:00+00:00,50110.63684410235,45225.0,4885.6368441023515,10.80295598474815
2020-01-06 00:00:00+00:00,47794.74074185313,43646.0,4148.740741853129,9.505431750568503
2020-01-06 01:00:00+00:00,46488.07293861602,42812.0,3676.0729386160165,8.586548020685827
2020-01-06 02:00:00+00:00,46363.97731276553,43212.0,3151.977312765528,7.294217607992058
2020-01-06 03:00:00+00:00,46720.12921232415,44464.0,2256.129212324151,5.074058142146795
2020-01-06 04:00:00+00:00,47487.15504363619,47111.0,376.15504363618675,0.7984441927282095
2020-01-06 05:00:00+00:00,49775.288855145,51821.0,-2045.7111448549986,3.947648916182626
2020-01-06 06:00:00+00:00,53720.955863611314,57075.0,-3354.0441363886857,5.8765556485128085
2020-01-06 07:00:00+00:00,56476.18625875977,59509.0,-3032.8137412402284,5.096395068376596
2020-01-06 08:00:00+00:00,58535.42139879091,61130.0,-2594.5786012090903,4.244362180940766
2020-01-06 09:00:00+00:00,60264.80229027989,62336.0,-2071.197709720109,3.3226349296074638
2020-01-06 10:00:00+00:00,61741.37707721307,63191.0,-1449.6229227869335,2.29403383834238
2020-01-06 11:00:00+00:00,61792.088377985936,63404.0,-1611.911622014064,2.5422869566810675
2020-01-06 12:00:00+00:00,60508.5798042215,62372.0,-1863.4201957784971,2.987590899407582
2020-01-06 13:00:00+00:00,59253.87606088961,61577.0,-2323.123939110388,3.772713739075285
2020-01-06 14:00:00+00:00,58722.79582622856,61264.0,-2541.204173771439,4.147956669122877
2020-01-06 15:00:00+00:00,60147.653575404605,62276.0,-2128.3464245953946,3.417602968391346
2020-01-06 16:00:00+00:00,63577.672459907,66018.0,-2440.3275400929997,3.6964578449710683
2020-01-06 17:00:00+00:00,64315.72852725103,66215.0,-1899.2714727489729,2.8683402140738097
2020-01-06 18:00:00+00:00,62952.61159461418,64831.0,-1878.38840538582,2.897361455763169
2020-01-06 19:00:00+00:00,59617.06172824883,61350.0,-1732.938271751169,2.8246752595781075
2020-01-06 20:00:00+00:00,57119.92128938203,58821.0,-1701.0787106179705,2.8919581622515267
2020-01-06 21:00:00+00:00,55774.25680724104,56577.0,-802.7431927589569,1.4188507569488606
2020-01-06 22:00:00+00:00,52323.179813707844,52904.0,-580.820186292156,1.0978757490778694
2020-01-06 23:00:00+00:00,49238.672029947375,50708.0,-1469.3279700526255,2.897625562145274
2020-01-07 00:00:00+00:00,47102.00593012393,49617.0,-2514.9940698760693,5.068815264679584
2020-01-07 01:00:00+00:00,46075.285130881,48105.0,-2029.7148691190014,4.219342831553895
2020-01-07 02:00:00+00:00,45977.830894840175,48553.0,-2575.1691051598245,5.303831081827743
2020-01-07 03:00:00+00:00,46759.387303260184,50054.0,-3294.612696739816,6.582116707435601
2020-01-07 04:00:00+00:00,48834.45705974197,53241.0,-4406.542940258027,8.276596871317269
2020-01-07 05:00:00+00:00,53711.12563427099,60420.0,-6708.874365729011,11.10373115810826
2020-01-07 06:00:00+00:00,58740.25841416658,66527.0,-7786.741585833421,11.704633586113038
2020-01-07 07:00:00+00:00,61814.97404588397,69198.0,-7383.025954116027,10.669421015225913
2020-01-07 08:00:00+00:00,63475.815358916705,69408.0,-5932.184641083295,8.546831260205302
2020-01-07 09:00:00+00:00,65162.40195444672,69896.0,-4733.598045553277,6.772344691474872
2020-01-07 10:00:00+00:00,66769.77394310788,70089.0,-3319.2260568921192,4.7357303669507615
2020-01-07 11:00:00+00:00,66616.72892074943,69367.0,-2750.2710792505677,3.9648119123654872
2020-01-07 12:00:00+00:00,65736.2146187171,69465.0,-3728.785381282898,5.367862061877057
2020-01-07 13:00:00+00:00,64529.86512372085,68854.0,-4324.134876279153,6.280150574083064
2020-01-07 14:00:00+00:00,64169.86349730351,68089.0,-3919.1365026964922,5.755902572657099
2020-01-07 15:00:00+00:00,65344.980270071595,68574.0,-3229.0197299284046,4.7088105257508746
2020-01-07 16:00:00+00:00,68730.63692998876,70914.0,-2183.363070011241,3.078888611573513
2020-01-07 17:00:00+00:00,68794.92875355658,70678.0,-1883.0712464434182,2.664296169166386
2020-01-07 18:00:00+00:00,66735.91863493426,68990.0,-2254.0813650657365,3.267258102718853
2020-01-07 19:00:00+00:00,63199.90241442723,65235.0,-2035.0975855727665,3.1196406615662857
2020-01-07 20:00:00+00:00,60253.87091760335,61997.0,-1743.1290823966483,2.811634566828473
2020-01-07 21:00:00+00:00,58766.6362072061,59030.0,-263.363792793898,0.4461524526408573
2020-01-07 22:00:00+00:00,54964.0724395536,55343.0,-378.9275604463983,0.6846892297967191
2020-01-07 23:00:00+00:00,51584.83632698373,52694.0,-1109.1636730162718,2.104914550074528
