utc_timestamp,actual_mw,forecast_mw,error_mw,absolute_percentage_error
2020-01-01 00:00:00+00:00,41187.000,34470.335,-6716.665,0.163
2020-01-01 01:00:00+00:00,40398.000,33602.167,-6795.833,0.168
2020-01-01 02:00:00+00:00,38919.000,33276.281,-5642.719,0.145
2020-01-01 03:00:00+00:00,38879.000,34245.619,-4633.381,0.119
2020-01-01 04:00:00+00:00,39162.000,36429.393,-2732.607,0.070
2020-01-01 05:00:00+00:00,37510.000,40558.185,3048.185,0.081
2020-01-01 06:00:00+00:00,37892.000,44428.333,6536.333,0.172
2020-01-01 07:00:00+00:00,38677.000,46924.533,8247.533,0.213
2020-01-01 08:00:00+00:00,41091.000,49130.410,8039.410,0.196
2020-01-01 09:00:00+00:00,43094.000,50736.079,7642.079,0.177
2020-01-01 10:00:00+00:00,45249.000,52076.932,6827.932,0.151
2020-01-01 11:00:00+00:00,46498.000,52166.705,5668.705,0.122
2020-01-01 12:00:00+00:00,46328.000,50921.558,4593.558,0.099
2020-01-01 13:00:00+00:00,45115.000,49756.930,4641.930,0.103
2020-01-01 14:00:00+00:00,45039.000,49444.559,4405.559,0.098
2020-01-01 15:00:00+00:00,47313.000,50218.704,2905.704,0.061
2020-01-01 16:00:00+00:00,51194.000,53270.568,2076.568,0.041
2020-01-01 17:00:00+00:00,51755.000,53417.935,1662.935,0.032
2020-01-01 18:00:00+00:00,50732.000,51870.905,1138.905,0.022
2020-01-01 19:00:00+00:00,48591.000,48969.047,378.047,0.008
2020-01-01 20:00:00+00:00,47664.000,46414.648,-1249.352,0.026
2020-01-01 21:00:00+00:00,46994.000,44579.917,-2414.083,0.051
2020-01-01 22:00:00+00:00,44105.000,41181.005,-2923.995,0.066
2020-01-01 23:00:00+00:00,42547.000,38224.276,-4322.724,0.102
2020-01-02 00:00:00+00:00,41194.000,44654.966,3460.966,0.084
2020-01-02 01:00:00+00:00,40773.000,44009.838,3236.838,0.079
2020-01-02 02:00:00+00:00,40795.000,43948.556,3153.556,0.077
2020-01-02 03:00:00+00:00,41774.000,44993.501,3219.501,0.077
2020-01-02 04:00:00+00:00,43961.000,47311.375,3350.375,0.076
2020-01-02 05:00:00+00:00,47850.000,51666.170,3816.170,0.080
2020-01-02 06:00:00+00:00,52828.000,56108.530,3280.530,0.062
2020-01-02 07:00:00+00:00,56329.000,58866.703,2537.703,0.045
2020-01-02 08:00:00+00:00,58780.000,60720.348,1940.348,0.033
2020-01-02 09:00:00+00:00,59588.000,61599.344,2011.344,0.034
2020-01-02 10:00:00+00:00,60169.000,62560.871,2391.871,0.040
2020-01-02 11:00:00+00:00,60786.000,62503.401,1717.401,0.028
2020-01-02 12:00:00+00:00,60272.000,61356.408,1084.408,0.018
2020-01-02 13:00:00+00:00,59483.000,60245.766,762.766,0.013
2020-01-02 14:00:00+00:00,59173.000,59895.930,722.930,0.012
2020-01-02 15:00:00+00:00,60091.000,61080.407,989.407,0.016
2020-01-02 16:00:00+00:00,62599.000,63625.127,1026.127,0.016
2020-01-02 17:00:00+00:00,62923.000,63506.792,583.792,0.009
2020-01-02 18:00:00+00:00,61932.000,61743.938,-188.062,0.003
2020-01-02 19:00:00+00:00,58422.000,58508.450,86.450,0.001
2020-01-02 20:00:00+00:00,55661.000,56040.792,379.792,0.007
2020-01-02 21:00:00+00:00,54103.000,54029.349,-73.651,0.001
2020-01-02 22:00:00+00:00,50732.000,50570.218,-161.782,0.003
2020-01-02 23:00:00+00:00,47641.000,47439.339,-201.661,0.004
2020-01-03 00:00:00+00:00,46071.000,47679.455,1608.455,0.035
2020-01-03 01:00:00+00:00,45485.000,46963.512,1478.512,0.033
2020-01-03 02:00:00+00:00,45301.000,47117.061,1816.061,0.040
2020-01-03 03:00:00+00:00,46070.000,48070.494,2000.494,0.043
2020-01-03 04:00:00+00:00,47894.000,50440.374,2546.374,0.053
2020-01-03 05:00:00+00:00,51787.000,55152.316,3365.316,0.065
2020-01-03 06:00:00+00:00,55935.000,60235.874,4300.874,0.077
2020-01-03 07:00:00+00:00,59496.000,63165.889,3669.889,0.062
2020-01-03 08:00:00+00:00,60888.000,64857.861,3969.861,0.065
2020-01-03 09:00:00+00:00,61751.000,65582.860,3831.860,0.062
2020-01-03 10:00:00+00:00,63204.000,66223.678,3019.678,0.048
2020-01-03 11:00:00+00:00,63230.000,66432.741,3202.741,0.051
2020-01-03 12:00:00+00:00,61575.000,65437.082,3862.082,0.063
2020-01-03 13:00:00+00:00,60449.000,64283.146,3834.146,0.063
2020-01-03 14:00:00+00:00,59983.000,63876.530,3893.530,0.065
2020-01-03 15:00:00+00:00,60757.000,65043.995,4286.995,0.071
2020-01-03 16:00:00+00:00,62491.000,66911.926,4420.926,0.071
2020-01-03 17:00:00+00:00,62157.000,66389.891,4232.891,0.068
2020-01-03 18:00:00+00:00,60931.000,64293.549,3362.549,0.055
2020-01-03 19:00:00+00:00,56910.000,60426.018,3516.018,0.062
2020-01-03 20:00:00+00:00,53806.000,57708.824,3902.824,0.073
2020-01-03 21:00:00+00:00,52540.000,55846.766,3306.766,0.063
2020-01-03 22:00:00+00:00,49359.000,52266.774,2907.774,0.059
2020-01-03 23:00:00+00:00,46773.000,49361.042,2588.042,0.055
2020-01-04 00:00:00+00:00,45003.000,46650.267,1647.267,0.037
2020-01-04 01:00:00+00:00,44345.000,45761.485,1416.485,0.032
2020-01-04 02:00:00+00:00,43801.000,45515.880,1714.880,0.039
2020-01-04 03:00:00+00:00,44501.000,46376.325,1875.325,0.042
2020-01-04 04:00:00+00:00,45049.000,47316.771,2267.771,0.050
2020-01-04 05:00:00+00:00,46138.000,49102.229,2964.229,0.064
2020-01-04 06:00:00+00:00,48876.000,51925.634,3049.634,0.062
2020-01-04 07:00:00+00:00,51876.000,55206.068,3330.068,0.064
2020-01-04 08:00:00+00:00,55337.000,57932.219,2595.219,0.047
2020-01-04 09:00:00+00:00,57584.000,59409.916,1825.916,0.032
2020-01-04 10:00:00+00:00,59443.000,60399.770,956.770,0.016
2020-01-04 11:00:00+00:00,59873.000,60500.980,627.980,0.010
2020-01-04 12:00:00+00:00,58499.000,59266.044,767.044,0.013
2020-01-04 13:00:00+00:00,57624.000,58000.228,376.228,0.007
2020-01-04 14:00:00+00:00,56651.000,58042.970,1391.970,0.025
2020-01-04 15:00:00+00:00,58144.000,59413.300,1269.300,0.022
2020-01-04 16:00:00+00:00,60436.000,61811.108,1375.108,0.023
2020-01-04 17:00:00+00:00,59971.000,61677.755,1706.755,0.028
2020-01-04 18:00:00+00:00,58093.000,59886.382,1793.382,0.031
2020-01-04 19:00:00+00:00,54603.000,56420.744,1817.744,0.033
2020-01-04 20:00:00+00:00,52028.000,53866.935,1838.935,0.035
2020-01-04 21:00:00+00:00,50722.000,52369.997,1647.997,0.032
2020-01-04 22:00:00+00:00,47994.000,48898.868,904.868,0.019
2020-01-04 23:00:00+00:00,44880.000,46189.237,1309.237,0.029
2020-01-05 00:00:00+00:00,42638.000,44734.878,2096.878,0.049
2020-01-05 01:00:00+00:00,41865.000,43808.696,1943.696,0.046
2020-01-05 02:00:00+00:00,40752.000,43470.254,2718.254,0.067
2020-01-05 03:00:00+00:00,40754.000,43756.598,3002.598,0.074
2020-01-05 04:00:00+00:00,40409.000,43919.629,3510.629,0.087
2020-01-05 05:00:00+00:00,39751.000,44144.932,4393.932,0.111
2020-01-05 06:00:00+00:00,41953.000,45637.379,3684.379,0.088
2020-01-05 07:00:00+00:00,43752.000,48575.603,4823.603,0.110
2020-01-05 08:00:00+00:00,47044.000,51688.150,4644.150,0.099
2020-01-05 09:00:00+00:00,50397.000,53897.324,3500.324,0.069
2020-01-05 10:00:00+00:00,52744.000,56026.054,3282.054,0.062
2020-01-05 11:00:00+00:00,52825.000,56524.564,3699.564,0.070
2020-01-05 12:00:00+00:00,51568.000,55050.686,3482.686,0.068
2020-01-05 13:00:00+00:00,50470.000,54068.930,3598.930,0.071
2020-01-05 14:00:00+00:00,50177.000,53585.202,3408.202,0.068
2020-01-05 15:00:00+00:00,51651.000,55236.688,3585.688,0.069
2020-01-05 16:00:00+00:00,55601.000,57983.595,2382.595,0.043
2020-01-05 17:00:00+00:00,56412.000,58508.275,2096.275,0.037
2020-01-05 18:00:00+00:00,54808.000,57163.544,2355.544,0.043
2020-01-05 19:00:00+00:00,52478.000,54649.592,2171.592,0.041
2020-01-05 20:00:00+00:00,50972.000,52648.265,1676.265,0.033
2020-01-05 21:00:00+00:00,50438.000,51897.026,1459.026,0.029
2020-01-05 22:00:00+00:00,47398.000,48911.136,1513.136,0.032
2020-01-05 23:00:00+00:00,45225.000,46125.492,900.492,0.020
2020-01-06 00:00:00+00:00,43646.000,45128.965,1482.965,0.034
2020-01-06 01:00:00+00:00,42812.000,44197.807,1385.807,0.032
2020-01-06 02:00:00+00:00,43212.000,44527.666,1315.666,0.030
2020-01-06 03:00:00+00:00,44464.000,45878.121,1414.121,0.032
2020-01-06 04:00:00+00:00,47111.000,48759.988,1648.988,0.035
2020-01-06 05:00:00+00:00,51821.000,53653.998,1832.998,0.035
2020-01-06 06:00:00+00:00,57075.000,58266.367,1191.367,0.021
2020-01-06 07:00:00+00:00,59509.000,60976.523,1467.523,0.025
2020-01-06 08:00:00+00:00,61130.000,62387.714,1257.714,0.021
2020-01-06 09:00:00+00:00,62336.000,63457.678,1121.678,0.018
2020-01-06 10:00:00+00:00,63191.000,64491.407,1300.407,0.021
2020-01-06 11:00:00+00:00,63404.000,64432.959,1028.959,0.016
2020-01-06 12:00:00+00:00,62372.000,63649.938,1277.938,0.020
2020-01-06 13:00:00+00:00,61577.000,63134.422,1557.422,0.025
2020-01-06 14:00:00+00:00,61264.000,62681.545,1417.545,0.023
2020-01-06 15:00:00+00:00,62276.000,63762.892,1486.892,0.024
2020-01-06 16:00:00+00:00,66018.000,66392.597,374.597,0.006
2020-01-06 17:00:00+00:00,66215.000,66287.057,72.057,0.001
2020-01-06 18:00:00+00:00,64831.000,64272.542,-558.458,0.009
2020-01-06 19:00:00+00:00,61350.000,61323.614,-26.386,0.000
2020-01-06 20:00:00+00:00,58821.000,58822.024,1.024,0.000
2020-01-06 21:00:00+00:00,56577.000,56864.196,287.196,0.005
2020-01-06 22:00:00+00:00,52904.000,53417.978,513.978,0.010
2020-01-06 23:00:00+00:00,50708.000,50026.190,-681.810,0.013
2020-01-07 00:00:00+00:00,49617.000,50763.427,1146.427,0.023
2020-01-07 01:00:00+00:00,48105.000,50103.230,1998.230,0.042
2020-01-07 02:00:00+00:00,48553.000,50367.720,1814.720,0.037
2020-01-07 03:00:00+00:00,50054.000,51767.475,1713.475,0.034
2020-01-07 04:00:00+00:00,53241.000,54339.099,1098.099,0.021
2020-01-07 05:00:00+00:00,60420.000,59377.753,-1042.247,0.017
2020-01-07 06:00:00+00:00,66527.000,64139.075,-2387.925,0.036
2020-01-07 07:00:00+00:00,69198.000,66740.190,-2457.810,0.036
2020-01-07 08:00:00+00:00,69408.000,68002.958,-1405.042,0.020
2020-01-07 09:00:00+00:00,69896.000,69163.208,-732.792,0.010
2020-01-07 10:00:00+00:00,70089.000,69825.515,-263.485,0.004
2020-01-07 11:00:00+00:00,69367.000,69705.616,338.616,0.005
2020-01-07 12:00:00+00:00,69465.000,68909.625,-555.375,0.008
2020-01-07 13:00:00+00:00,68854.000,67829.238,-1024.762,0.015
2020-01-07 14:00:00+00:00,68089.000,67398.858,-690.142,0.010
2020-01-07 15:00:00+00:00,68574.000,68412.597,-161.403,0.002
2020-01-07 16:00:00+00:00,70914.000,70255.650,-658.350,0.009
2020-01-07 17:00:00+00:00,70678.000,69692.404,-985.596,0.014
2020-01-07 18:00:00+00:00,68990.000,67631.721,-1358.279,0.020
2020-01-07 19:00:00+00:00,65235.000,64549.373,-685.627,0.011
2020-01-07 20:00:00+00:00,61997.000,61882.416,-114.584,0.002
2020-01-07 21:00:00+00:00,59030.000,59616.693,586.693,0.010
2020-01-07 22:00:00+00:00,55343.000,56801.318,1458.318,0.026
2020-01-07 23:00:00+00:00,52694.000,53656.116,962.116,0.018
