time_europe_berlin,seasonal_naive_168h,year_ago_scaled,lightgbm,blend_lgb_yearago,actual
2020-01-01 00:00:00+01:00,40561.0,42901.0,44376.0,43934.0,42335.0
2020-01-01 01:00:00+01:00,38223.0,41444.0,43289.0,42736.0,41187.0
2020-01-01 02:00:00+01:00,36936.0,40965.0,42269.0,41878.0,40398.0
2020-01-01 03:00:00+01:00,36637.0,40593.0,42391.0,41851.0,38919.0
2020-01-01 04:00:00+01:00,36614.0,42213.0,42385.0,42334.0,38879.0
2020-01-01 05:00:00+01:00,37078.0,44977.0,42346.0,43136.0,39162.0
2020-01-01 06:00:00+01:00,37024.0,50656.0,44342.0,46236.0,37510.0
2020-01-01 07:00:00+01:00,38634.0,55890.0,43824.0,47444.0,37892.0
2020-01-01 08:00:00+01:00,41955.0,59007.0,45322.0,49428.0,38677.0
2020-01-01 09:00:00+01:00,46241.0,60824.0,47451.0,51463.0,41091.0
2020-01-01 10:00:00+01:00,48911.0,62204.0,49331.0,53193.0,43094.0
2020-01-01 11:00:00+01:00,50798.0,63342.0,50515.0,54363.0,45249.0
2020-01-01 12:00:00+01:00,50512.0,63604.0,50974.0,54763.0,46498.0
2020-01-01 13:00:00+01:00,47742.0,62776.0,49576.0,53536.0,46328.0
2020-01-01 14:00:00+01:00,46317.0,61255.0,48551.0,52362.0,45115.0
2020-01-01 15:00:00+01:00,45547.0,61328.0,48557.0,52388.0,45039.0
2020-01-01 16:00:00+01:00,45486.0,62234.0,48975.0,52953.0,47313.0
2020-01-01 17:00:00+01:00,47631.0,66079.0,52403.0,56506.0,51194.0
2020-01-01 18:00:00+01:00,48297.0,65980.0,52599.0,56613.0,51755.0
2020-01-01 19:00:00+01:00,47359.0,63949.0,50889.0,54807.0,50732.0
2020-01-01 20:00:00+01:00,45470.0,60543.0,48486.0,52103.0,48591.0
2020-01-01 21:00:00+01:00,44323.0,57676.0,47079.0,50258.0,47664.0
2020-01-01 22:00:00+01:00,43864.0,55757.0,47139.0,49725.0,46994.0
2020-01-01 23:00:00+01:00,42040.0,51576.0,47003.0,48375.0,44105.0
2020-01-02 00:00:00+01:00,38605.0,48322.0,44372.0,45557.0,42547.0
2020-01-02 01:00:00+01:00,36909.0,47083.0,42710.0,44022.0,41194.0
2020-01-02 02:00:00+01:00,36332.0,46545.0,41886.0,43284.0,40773.0
2020-01-02 03:00:00+01:00,36001.0,46331.0,41569.0,42998.0,40795.0
2020-01-02 04:00:00+01:00,36971.0,46863.0,43061.0,44201.0,41774.0
2020-01-02 05:00:00+01:00,36983.0,49356.0,45751.0,46833.0,43961.0
2020-01-02 06:00:00+01:00,36841.0,54071.0,49522.0,50887.0,47850.0
2020-01-02 07:00:00+01:00,38525.0,58999.0,55361.0,56452.0,52828.0
2020-01-02 08:00:00+01:00,41091.0,62110.0,59369.0,60192.0,56329.0
2020-01-02 09:00:00+01:00,44267.0,63857.0,61692.0,62341.0,58780.0
2020-01-02 10:00:00+01:00,46808.0,64257.0,63684.0,63856.0,59588.0
2020-01-02 11:00:00+01:00,48752.0,65463.0,65407.0,65423.0,60169.0
2020-01-02 12:00:00+01:00,48859.0,65626.0,65549.0,65572.0,60786.0
2020-01-02 13:00:00+01:00,47162.0,64423.0,64476.0,64460.0,60272.0
2020-01-02 14:00:00+01:00,45890.0,63411.0,62921.0,63068.0,59483.0
2020-01-02 15:00:00+01:00,45970.0,62779.0,61988.0,62226.0,59173.0
2020-01-02 16:00:00+01:00,47567.0,63875.0,63382.0,63530.0,60091.0
2020-01-02 17:00:00+01:00,49325.0,66997.0,66581.0,66706.0,62599.0
2020-01-02 18:00:00+01:00,49152.0,66948.0,66225.0,66442.0,62923.0
2020-01-02 19:00:00+01:00,48165.0,64933.0,64347.0,64523.0,61932.0
2020-01-02 20:00:00+01:00,46401.0,61448.0,60145.0,60536.0,58422.0
2020-01-02 21:00:00+01:00,46178.0,58723.0,57682.0,57995.0,55661.0
2020-01-02 22:00:00+01:00,45993.0,56484.0,54985.0,55435.0,54103.0
2020-01-02 23:00:00+01:00,42662.0,53326.0,50653.0,51455.0,50732.0
2020-01-03 00:00:00+01:00,39888.0,50064.0,50698.0,50508.0,47641.0
2020-01-03 01:00:00+01:00,38475.0,47585.0,48157.0,47985.0,46071.0
2020-01-03 02:00:00+01:00,37791.0,47040.0,47702.0,47504.0,45485.0
2020-01-03 03:00:00+01:00,37799.0,47088.0,47581.0,47433.0,45301.0
2020-01-03 04:00:00+01:00,38745.0,47829.0,48411.0,48237.0,46070.0
2020-01-03 05:00:00+01:00,39944.0,49807.0,50404.0,50225.0,47894.0
2020-01-03 06:00:00+01:00,42398.0,54832.0,55421.0,55245.0,51787.0
2020-01-03 07:00:00+01:00,46574.0,60406.0,62155.0,61630.0,55935.0
2020-01-03 08:00:00+01:00,50036.0,63487.0,65705.0,65039.0,59496.0
2020-01-03 09:00:00+01:00,52587.0,65249.0,67927.0,67124.0,60888.0
2020-01-03 10:00:00+01:00,54000.0,65993.0,68867.0,68005.0,61751.0
2020-01-03 11:00:00+01:00,54759.0,66791.0,69496.0,68684.0,63204.0
2020-01-03 12:00:00+01:00,55273.0,67248.0,69761.0,69007.0,63230.0
2020-01-03 13:00:00+01:00,54667.0,66394.0,69120.0,68302.0,61575.0
2020-01-03 14:00:00+01:00,53887.0,64976.0,67381.0,66660.0,60449.0
2020-01-03 15:00:00+01:00,53753.0,64682.0,67036.0,66330.0,59983.0
2020-01-03 16:00:00+01:00,55131.0,65926.0,67804.0,67240.0,60757.0
2020-01-03 17:00:00+01:00,57337.0,67569.0,69447.0,68884.0,62491.0
2020-01-03 18:00:00+01:00,56762.0,66895.0,68961.0,68342.0,62157.0
2020-01-03 19:00:00+01:00,55187.0,64484.0,67094.0,66311.0,60931.0
2020-01-03 20:00:00+01:00,51828.0,60112.0,62780.0,61979.0,56910.0
2020-01-03 21:00:00+01:00,49501.0,57409.0,58963.0,58497.0,53806.0
2020-01-03 22:00:00+01:00,48037.0,55946.0,56374.0,56245.0,52540.0
2020-01-03 23:00:00+01:00,45266.0,51948.0,53055.0,52723.0,49359.0
2020-01-04 00:00:00+01:00,42462.0,49156.0,49693.0,49532.0,46773.0
2020-01-04 01:00:00+01:00,40814.0,47226.0,47172.0,47188.0,45003.0
2020-01-04 02:00:00+01:00,40342.0,46125.0,45942.0,45997.0,44345.0
2020-01-04 03:00:00+01:00,40202.0,45630.0,45338.0,45425.0,43801.0
2020-01-04 04:00:00+01:00,40883.0,46389.0,45696.0,45904.0,44501.0
2020-01-04 05:00:00+01:00,41089.0,46240.0,45809.0,45938.0,45049.0
2020-01-04 06:00:00+01:00,41373.0,46872.0,46717.0,46764.0,46138.0
2020-01-04 07:00:00+01:00,43751.0,48557.0,49013.0,48876.0,48876.0
2020-01-04 08:00:00+01:00,46965.0,51907.0,52779.0,52517.0,51876.0
2020-01-04 09:00:00+01:00,50213.0,54725.0,56174.0,55739.0,55337.0
2020-01-04 10:00:00+01:00,50682.0,57227.0,58933.0,58421.0,57584.0
2020-01-04 11:00:00+01:00,51465.0,58787.0,61092.0,60401.0,59443.0
2020-01-04 12:00:00+01:00,51386.0,58881.0,61316.0,60585.0,59873.0
2020-01-04 13:00:00+01:00,50320.0,57555.0,59504.0,58919.0,58499.0
2020-01-04 14:00:00+01:00,49026.0,56272.0,57702.0,57273.0,57624.0
2020-01-04 15:00:00+01:00,49858.0,56068.0,57858.0,57321.0,56651.0
2020-01-04 16:00:00+01:00,52455.0,56965.0,59529.0,58760.0,58144.0
2020-01-04 17:00:00+01:00,55652.0,59626.0,62789.0,61840.0,60436.0
2020-01-04 18:00:00+01:00,55695.0,59469.0,62573.0,61642.0,59971.0
2020-01-04 19:00:00+01:00,54137.0,57879.0,59761.0,59197.0,58093.0
2020-01-04 20:00:00+01:00,51244.0,54273.0,55849.0,55376.0,54603.0
2020-01-04 21:00:00+01:00,49084.0,51814.0,53373.0,52905.0,52028.0
2020-01-04 22:00:00+01:00,47918.0,50666.0,51901.0,51530.0,50722.0
2020-01-04 23:00:00+01:00,44642.0,47146.0,48847.0,48337.0,47994.0
2020-01-05 00:00:00+01:00,42135.0,44132.0,45666.0,45206.0,44880.0
2020-01-05 01:00:00+01:00,40202.0,42143.0,43728.0,43253.0,42638.0
2020-01-05 02:00:00+01:00,40075.0,40832.0,42513.0,42009.0,41865.0
2020-01-05 03:00:00+01:00,39498.0,40639.0,42191.0,41725.0,40752.0
2020-01-05 04:00:00+01:00,39325.0,40563.0,42311.0,41787.0,40754.0
2020-01-05 05:00:00+01:00,39090.0,39979.0,41828.0,41273.0,40409.0
2020-01-05 06:00:00+01:00,38272.0,39609.0,41364.0,40837.0,39751.0
2020-01-05 07:00:00+01:00,39156.0,40696.0,42922.0,42254.0,41953.0
2020-01-05 08:00:00+01:00,41759.0,43550.0,45839.0,45152.0,43752.0
2020-01-05 09:00:00+01:00,44765.0,47251.0,49607.0,48900.0,47044.0
2020-01-05 10:00:00+01:00,46032.0,50272.0,52535.0,51856.0,50397.0
2020-01-05 11:00:00+01:00,48260.0,52755.0,55067.0,54373.0,52744.0
2020-01-05 12:00:00+01:00,49349.0,53273.0,55320.0,54706.0,52825.0
2020-01-05 13:00:00+01:00,47541.0,51957.0,54258.0,53567.0,51568.0
2020-01-05 14:00:00+01:00,46312.0,51517.0,53191.0,52689.0,50470.0
2020-01-05 15:00:00+01:00,46671.0,50570.0,52858.0,52171.0,50177.0
2020-01-05 16:00:00+01:00,49244.0,52020.0,54475.0,53738.0,51651.0
2020-01-05 17:00:00+01:00,52332.0,55372.0,57656.0,56971.0,55601.0
2020-01-05 18:00:00+01:00,52958.0,56249.0,58473.0,57806.0,56412.0
2020-01-05 19:00:00+01:00,51943.0,54851.0,56589.0,56068.0,54808.0
2020-01-05 20:00:00+01:00,49806.0,52633.0,53960.0,53562.0,52478.0
2020-01-05 21:00:00+01:00,48362.0,50766.0,52628.0,52069.0,50972.0
2020-01-05 22:00:00+01:00,47950.0,50578.0,52306.0,51787.0,50438.0
2020-01-05 23:00:00+01:00,45146.0,47914.0,49627.0,49113.0,47398.0
2020-01-06 00:00:00+01:00,43026.0,44781.0,45335.0,45168.0,45225.0
2020-01-06 01:00:00+01:00,41138.0,42887.0,43735.0,43481.0,43646.0
2020-01-06 02:00:00+01:00,40026.0,42294.0,42748.0,42612.0,42812.0
2020-01-06 03:00:00+01:00,40194.0,42871.0,43457.0,43281.0,43212.0
2020-01-06 04:00:00+01:00,41114.0,44723.0,44537.0,44593.0,44464.0
2020-01-06 05:00:00+01:00,42845.0,49030.0,47877.0,48223.0,47111.0
2020-01-06 06:00:00+01:00,45099.0,57638.0,54917.0,55733.0,51821.0
2020-01-06 07:00:00+01:00,48828.0,64142.0,57794.0,59698.0,57075.0
2020-01-06 08:00:00+01:00,51706.0,66755.0,60784.0,62575.0,59509.0
2020-01-06 09:00:00+01:00,53959.0,67033.0,61200.0,62950.0,61130.0
2020-01-06 10:00:00+01:00,53475.0,68216.0,62104.0,63937.0,62336.0
2020-01-06 11:00:00+01:00,53629.0,69078.0,63444.0,65134.0,63191.0
2020-01-06 12:00:00+01:00,54139.0,68595.0,63358.0,64929.0,63404.0
2020-01-06 13:00:00+01:00,52653.0,68562.0,62761.0,64501.0,62372.0
2020-01-06 14:00:00+01:00,52431.0,68104.0,61794.0,63687.0,61577.0
2020-01-06 15:00:00+01:00,52719.0,67547.0,61609.0,63390.0,61264.0
2020-01-06 16:00:00+01:00,54457.0,68325.0,62427.0,64197.0,62276.0
2020-01-06 17:00:00+01:00,58272.0,70649.0,63822.0,65870.0,66018.0
2020-01-06 18:00:00+01:00,58564.0,69960.0,63756.0,65617.0,66215.0
2020-01-06 19:00:00+01:00,56927.0,67593.0,62578.0,64082.0,64831.0
2020-01-06 20:00:00+01:00,53959.0,64638.0,58859.0,60593.0,61350.0
2020-01-06 21:00:00+01:00,51937.0,61847.0,56208.0,57900.0,58821.0
2020-01-06 22:00:00+01:00,50574.0,59170.0,54613.0,55980.0,56577.0
2020-01-06 23:00:00+01:00,47382.0,55607.0,53104.0,53855.0,52904.0
2020-01-07 00:00:00+01:00,44018.0,52036.0,52195.0,52147.0,50708.0
2020-01-07 01:00:00+01:00,42023.0,50134.0,50418.0,50333.0,49617.0
2020-01-07 02:00:00+01:00,40856.0,49579.0,50281.0,50071.0,48105.0
2020-01-07 03:00:00+01:00,40388.0,50136.0,50240.0,50209.0,48553.0
2020-01-07 04:00:00+01:00,40835.0,51773.0,51350.0,51477.0,50054.0
2020-01-07 05:00:00+01:00,41447.0,54727.0,55052.0,54954.0,53241.0
2020-01-07 06:00:00+01:00,41596.0,62134.0,62801.0,62601.0,60420.0
2020-01-07 07:00:00+01:00,44124.0,68136.0,67990.0,68034.0,66527.0
2020-01-07 08:00:00+01:00,46802.0,70582.0,69548.0,69858.0,69198.0
2020-01-07 09:00:00+01:00,49456.0,70890.0,69937.0,70223.0,69408.0
2020-01-07 10:00:00+01:00,50937.0,71261.0,70281.0,70575.0,69896.0
2020-01-07 11:00:00+01:00,52026.0,71600.0,70643.0,70930.0,70089.0
2020-01-07 12:00:00+01:00,52394.0,71694.0,70640.0,70956.0,69367.0
2020-01-07 13:00:00+01:00,50637.0,71266.0,70519.0,70743.0,69465.0
2020-01-07 14:00:00+01:00,49459.0,70274.0,69826.0,69960.0,68854.0
2020-01-07 15:00:00+01:00,49378.0,70112.0,69677.0,69807.0,68089.0
2020-01-07 16:00:00+01:00,51219.0,70995.0,70126.0,70387.0,68574.0
2020-01-07 17:00:00+01:00,53428.0,72656.0,71958.0,72168.0,70914.0
2020-01-07 18:00:00+01:00,52637.0,72173.0,71490.0,71695.0,70678.0
2020-01-07 19:00:00+01:00,50151.0,70563.0,70292.0,70373.0,68990.0
2020-01-07 20:00:00+01:00,47493.0,67135.0,67135.0,67135.0,65235.0
2020-01-07 21:00:00+01:00,45842.0,63562.0,63939.0,63826.0,61997.0
2020-01-07 22:00:00+01:00,45501.0,60282.0,60876.0,60698.0,59030.0
2020-01-07 23:00:00+01:00,43969.0,57029.0,57684.0,57487.0,55343.0
