utc_timestamp,actual_load_mw,forecast_load_mw,error_mw,absolute_percentage_error
2020-01-01 00:00:00+00:00,41187.000,41042.434,-144.566,0.351
2020-01-01 01:00:00+00:00,40398.000,40325.465,-72.535,0.180
2020-01-01 02:00:00+00:00,38919.000,40303.738,1384.738,3.558
2020-01-01 03:00:00+00:00,38879.000,40091.971,1212.971,3.120
2020-01-01 04:00:00+00:00,39162.000,39242.482,80.482,0.206
2020-01-01 05:00:00+00:00,37510.000,41070.263,3560.263,9.492
2020-01-01 06:00:00+00:00,37892.000,37126.337,-765.663,2.021
2020-01-01 07:00:00+00:00,38677.000,40032.227,1355.227,3.504
2020-01-01 08:00:00+00:00,41091.000,43176.448,2085.448,5.075
2020-01-01 09:00:00+00:00,43094.000,45031.878,1937.878,4.497
2020-01-01 10:00:00+00:00,45249.000,46512.704,1263.704,2.793
2020-01-01 11:00:00+00:00,46498.000,46766.564,268.564,0.578
2020-01-01 12:00:00+00:00,46328.000,46853.921,525.921,1.135
2020-01-01 13:00:00+00:00,45115.000,45575.807,460.807,1.021
2020-01-01 14:00:00+00:00,45039.000,44622.742,-416.258,0.924
2020-01-01 15:00:00+00:00,47313.000,44993.582,-2319.418,4.902
2020-01-01 16:00:00+00:00,51194.000,47488.349,-3705.651,7.238
2020-01-01 17:00:00+00:00,51755.000,48129.897,-3625.103,7.004
2020-01-01 18:00:00+00:00,50732.000,49002.310,-1729.690,3.409
2020-01-01 19:00:00+00:00,48591.000,49123.765,532.765,1.096
2020-01-01 20:00:00+00:00,47664.000,50123.908,2459.908,5.161
2020-01-01 21:00:00+00:00,46994.000,49629.247,2635.247,5.608
2020-01-01 22:00:00+00:00,44105.000,45740.372,1635.372,3.708
2020-01-01 23:00:00+00:00,42547.000,44319.694,1772.694,4.166
2020-01-02 00:00:00+00:00,41194.000,42683.754,1489.754,3.616
2020-01-02 01:00:00+00:00,40773.000,41876.069,1103.069,2.705
2020-01-02 02:00:00+00:00,40795.000,41946.475,1151.475,2.823
2020-01-02 03:00:00+00:00,41774.000,42946.945,1172.945,2.808
2020-01-02 04:00:00+00:00,43961.000,43496.780,-464.220,1.056
2020-01-02 05:00:00+00:00,47850.000,51834.621,3984.621,8.327
2020-01-02 06:00:00+00:00,52828.000,58190.392,5362.392,10.151
2020-01-02 07:00:00+00:00,56329.000,60741.643,4412.643,7.834
2020-01-02 08:00:00+00:00,58780.000,61443.114,2663.114,4.531
2020-01-02 09:00:00+00:00,59588.000,62598.116,3010.116,5.052
2020-01-02 10:00:00+00:00,60169.000,63924.375,3755.375,6.241
2020-01-02 11:00:00+00:00,60786.000,63743.846,2957.846,4.866
2020-01-02 12:00:00+00:00,60272.000,63816.871,3544.871,5.881
2020-01-02 13:00:00+00:00,59483.000,62693.901,3210.901,5.398
2020-01-02 14:00:00+00:00,59173.000,61856.788,2683.788,4.535
2020-01-02 15:00:00+00:00,60091.000,62182.281,2091.281,3.480
2020-01-02 16:00:00+00:00,62599.000,64289.671,1690.671,2.701
2020-01-02 17:00:00+00:00,62923.000,64883.422,1960.422,3.116
2020-01-02 18:00:00+00:00,61932.000,63781.167,1849.167,2.986
2020-01-02 19:00:00+00:00,58422.000,58972.394,550.394,0.942
2020-01-02 20:00:00+00:00,55661.000,55137.401,-523.599,0.941
2020-01-02 21:00:00+00:00,54103.000,52973.365,-1129.635,2.088
2020-01-02 22:00:00+00:00,50732.000,49239.687,-1492.313,2.942
2020-01-02 23:00:00+00:00,47641.000,47120.427,-520.573,1.093
2020-01-03 00:00:00+00:00,46071.000,45463.567,-607.433,1.318
2020-01-03 01:00:00+00:00,45485.000,44564.057,-920.943,2.025
2020-01-03 02:00:00+00:00,45301.000,44608.396,-692.604,1.529
2020-01-03 03:00:00+00:00,46070.000,45681.616,-388.384,0.843
2020-01-03 04:00:00+00:00,47894.000,46239.617,-1654.383,3.454
2020-01-03 05:00:00+00:00,51787.000,54057.294,2270.294,4.384
2020-01-03 06:00:00+00:00,55935.000,60997.600,5062.600,9.051
2020-01-03 07:00:00+00:00,59496.000,63263.984,3767.984,6.333
2020-01-03 08:00:00+00:00,60888.000,63965.301,3077.301,5.054
2020-01-03 09:00:00+00:00,61751.000,64610.736,2859.736,4.631
2020-01-03 10:00:00+00:00,63204.000,65753.822,2549.822,4.034
2020-01-03 11:00:00+00:00,63230.000,65519.429,2289.429,3.621
2020-01-03 12:00:00+00:00,61575.000,65226.431,3651.431,5.930
2020-01-03 13:00:00+00:00,60449.000,63927.493,3478.493,5.754
2020-01-03 14:00:00+00:00,59983.000,63533.923,3550.923,5.920
2020-01-03 15:00:00+00:00,60757.000,64004.990,3247.990,5.346
2020-01-03 16:00:00+00:00,62491.000,65879.699,3388.699,5.423
2020-01-03 17:00:00+00:00,62157.000,66499.345,4342.345,6.986
2020-01-03 18:00:00+00:00,60931.000,65352.819,4421.819,7.257
2020-01-03 19:00:00+00:00,56910.000,60599.443,3689.443,6.483
2020-01-03 20:00:00+00:00,53806.000,56052.030,2246.030,4.174
2020-01-03 21:00:00+00:00,52540.000,53486.760,946.760,1.802
2020-01-03 22:00:00+00:00,49359.000,50268.852,909.852,1.843
2020-01-03 23:00:00+00:00,46773.000,46867.743,94.743,0.203
2020-01-04 00:00:00+00:00,45003.000,44907.072,-95.928,0.213
2020-01-04 01:00:00+00:00,44345.000,43876.501,-468.499,1.056
2020-01-04 02:00:00+00:00,43801.000,43731.891,-69.109,0.158
2020-01-04 03:00:00+00:00,44501.000,44186.011,-314.989,0.708
2020-01-04 04:00:00+00:00,45049.000,43420.630,-1628.370,3.615
2020-01-04 05:00:00+00:00,46138.000,43783.353,-2354.647,5.103
2020-01-04 06:00:00+00:00,48876.000,47462.247,-1413.753,2.893
2020-01-04 07:00:00+00:00,51876.000,50898.473,-977.527,1.884
2020-01-04 08:00:00+00:00,55337.000,54505.223,-831.777,1.503
2020-01-04 09:00:00+00:00,57584.000,55631.596,-1952.404,3.391
2020-01-04 10:00:00+00:00,59443.000,56937.653,-2505.347,4.215
2020-01-04 11:00:00+00:00,59873.000,56655.999,-3217.001,5.373
2020-01-04 12:00:00+00:00,58499.000,55861.970,-2637.030,4.508
2020-01-04 13:00:00+00:00,57624.000,54299.137,-3324.863,5.770
2020-01-04 14:00:00+00:00,56651.000,53696.475,-2954.525,5.215
2020-01-04 15:00:00+00:00,58144.000,54393.615,-3750.385,6.450
2020-01-04 16:00:00+00:00,60436.000,57140.080,-3295.920,5.454
2020-01-04 17:00:00+00:00,59971.000,57826.157,-2144.843,3.576
2020-01-04 18:00:00+00:00,58093.000,57054.727,-1038.273,1.787
2020-01-04 19:00:00+00:00,54603.000,53409.053,-1193.947,2.187
2020-01-04 20:00:00+00:00,52028.000,51261.949,-766.051,1.472
2020-01-04 21:00:00+00:00,50722.000,49987.059,-734.941,1.449
2020-01-04 22:00:00+00:00,47994.000,47590.353,-403.647,0.841
2020-01-04 23:00:00+00:00,44880.000,43121.412,-1758.588,3.918
2020-01-05 00:00:00+00:00,42638.000,41210.038,-1427.962,3.349
2020-01-05 01:00:00+00:00,41865.000,40259.347,-1605.653,3.835
2020-01-05 02:00:00+00:00,40752.000,40089.623,-662.377,1.625
2020-01-05 03:00:00+00:00,40754.000,40172.782,-581.218,1.426
2020-01-05 04:00:00+00:00,40409.000,40167.858,-241.142,0.597
2020-01-05 05:00:00+00:00,39751.000,39119.145,-631.855,1.590
2020-01-05 06:00:00+00:00,41953.000,43071.215,1118.215,2.665
2020-01-05 07:00:00+00:00,43752.000,46115.741,2363.741,5.403
2020-01-05 08:00:00+00:00,47044.000,49962.780,2918.780,6.204
2020-01-05 09:00:00+00:00,50397.000,52093.535,1696.535,3.366
2020-01-05 10:00:00+00:00,52744.000,53764.924,1020.924,1.936
2020-01-05 11:00:00+00:00,52825.000,53607.114,782.114,1.481
2020-01-05 12:00:00+00:00,51568.000,53019.487,1451.487,2.815
2020-01-05 13:00:00+00:00,50470.000,51556.498,1086.498,2.153
2020-01-05 14:00:00+00:00,50177.000,51186.158,1009.158,2.011
2020-01-05 15:00:00+00:00,51651.000,51929.594,278.594,0.539
2020-01-05 16:00:00+00:00,55601.000,55287.203,-313.797,0.564
2020-01-05 17:00:00+00:00,56412.000,57145.405,733.405,1.300
2020-01-05 18:00:00+00:00,54808.000,56331.068,1523.068,2.779
2020-01-05 19:00:00+00:00,52478.000,53264.394,786.394,1.499
2020-01-05 20:00:00+00:00,50972.000,51804.157,832.157,1.633
2020-01-05 21:00:00+00:00,50438.000,50807.453,369.453,0.732
2020-01-05 22:00:00+00:00,47398.000,48676.530,1278.530,2.697
2020-01-05 23:00:00+00:00,45225.000,44286.053,-938.947,2.076
2020-01-06 00:00:00+00:00,43646.000,42911.646,-734.354,1.683
2020-01-06 01:00:00+00:00,42812.000,42439.927,-372.073,0.869
2020-01-06 02:00:00+00:00,43212.000,42505.294,-706.706,1.635
2020-01-06 03:00:00+00:00,44464.000,43868.895,-595.105,1.338
2020-01-06 04:00:00+00:00,47111.000,46054.771,-1056.229,2.242
2020-01-06 05:00:00+00:00,51821.000,54536.629,2715.629,5.240
2020-01-06 06:00:00+00:00,57075.000,61724.829,4649.829,8.147
2020-01-06 07:00:00+00:00,59509.000,64934.269,5425.269,9.117
2020-01-06 08:00:00+00:00,61130.000,66023.977,4893.977,8.006
2020-01-06 09:00:00+00:00,62336.000,66841.766,4505.766,7.228
2020-01-06 10:00:00+00:00,63191.000,67980.847,4789.847,7.580
2020-01-06 11:00:00+00:00,63404.000,67860.559,4456.559,7.029
2020-01-06 12:00:00+00:00,62372.000,67175.797,4803.797,7.702
2020-01-06 13:00:00+00:00,61577.000,66178.790,4601.790,7.473
2020-01-06 14:00:00+00:00,61264.000,65891.075,4627.075,7.553
2020-01-06 15:00:00+00:00,62276.000,66260.403,3984.403,6.398
2020-01-06 16:00:00+00:00,66018.000,68086.416,2068.416,3.133
2020-01-06 17:00:00+00:00,66215.000,68742.278,2527.278,3.817
2020-01-06 18:00:00+00:00,64831.000,67455.851,2624.851,4.049
2020-01-06 19:00:00+00:00,61350.000,62897.528,1547.528,2.522
2020-01-06 20:00:00+00:00,58821.000,58256.498,-564.502,0.960
2020-01-06 21:00:00+00:00,56577.000,55979.763,-597.237,1.056
2020-01-06 22:00:00+00:00,52904.000,52102.004,-801.996,1.516
2020-01-06 23:00:00+00:00,50708.000,46466.720,-4241.280,8.364
2020-01-07 00:00:00+00:00,49617.000,44846.365,-4770.635,9.615
2020-01-07 01:00:00+00:00,48105.000,44002.180,-4102.820,8.529
2020-01-07 02:00:00+00:00,48553.000,44067.547,-4485.453,9.238
2020-01-07 03:00:00+00:00,50054.000,45121.381,-4932.619,9.855
2020-01-07 04:00:00+00:00,53241.000,45783.952,-7457.048,14.006
2020-01-07 05:00:00+00:00,60420.000,54196.720,-6223.280,10.300
2020-01-07 06:00:00+00:00,66527.000,61250.348,-5276.652,7.932
2020-01-07 07:00:00+00:00,69198.000,64535.112,-4662.888,6.738
2020-01-07 08:00:00+00:00,69408.000,65488.770,-3919.230,5.647
2020-01-07 09:00:00+00:00,69896.000,66356.784,-3539.216,5.064
2020-01-07 10:00:00+00:00,70089.000,67575.663,-2513.337,3.586
2020-01-07 11:00:00+00:00,69367.000,67432.848,-1934.152,2.788
2020-01-07 12:00:00+00:00,69465.000,66623.371,-2841.629,4.091
2020-01-07 13:00:00+00:00,68854.000,65534.200,-3319.800,4.822
2020-01-07 14:00:00+00:00,68089.000,65183.938,-2905.062,4.267
2020-01-07 15:00:00+00:00,68574.000,65425.617,-3148.383,4.591
2020-01-07 16:00:00+00:00,70914.000,67171.749,-3742.251,5.277
2020-01-07 17:00:00+00:00,70678.000,67797.635,-2880.365,4.075
2020-01-07 18:00:00+00:00,68990.000,66448.819,-2541.181,3.683
2020-01-07 19:00:00+00:00,65235.000,62095.919,-3139.081,4.812
2020-01-07 20:00:00+00:00,61997.000,57721.389,-4275.611,6.896
2020-01-07 21:00:00+00:00,59030.000,55487.595,-3542.405,6.001
2020-01-07 22:00:00+00:00,55343.000,51564.803,-3778.197,6.827
2020-01-07 23:00:00+00:00,52694.000,49646.104,-3047.896,5.784
