utc_timestamp,actual_mw,forecast_mw
2020-01-01 00:00:00+00:00,41187.0,40822.0
2020-01-01 01:00:00+00:00,40398.0,39880.0
2020-01-01 02:00:00+00:00,38919.0,39495.0
2020-01-01 03:00:00+00:00,38879.0,39027.0
2020-01-01 04:00:00+00:00,39162.0,40722.0
2020-01-01 05:00:00+00:00,37510.0,41815.0
2020-01-01 06:00:00+00:00,37892.0,38407.0
2020-01-01 07:00:00+00:00,38677.0,42408.0
2020-01-01 08:00:00+00:00,41091.0,45932.0
2020-01-01 09:00:00+00:00,43094.0,49011.0
2020-01-01 10:00:00+00:00,45249.0,50292.0
2020-01-01 11:00:00+00:00,46498.0,50038.0
2020-01-01 12:00:00+00:00,46328.0,48482.0
2020-01-01 13:00:00+00:00,45115.0,47373.0
2020-01-01 14:00:00+00:00,45039.0,47289.0
2020-01-01 15:00:00+00:00,47313.0,48034.0
2020-01-01 16:00:00+00:00,51194.0,52519.0
2020-01-01 17:00:00+00:00,51755.0,52861.0
2020-01-01 18:00:00+00:00,50732.0,50540.0
2020-01-01 19:00:00+00:00,48591.0,48580.0
2020-01-01 20:00:00+00:00,47664.0,46988.0
2020-01-01 21:00:00+00:00,46994.0,46619.0
2020-01-01 22:00:00+00:00,44105.0,48496.0
2020-01-01 23:00:00+00:00,42547.0,43605.0
2020-01-02 00:00:00+00:00,41194.0,42451.0
2020-01-02 01:00:00+00:00,40773.0,43345.0
2020-01-02 02:00:00+00:00,40795.0,43206.0
2020-01-02 03:00:00+00:00,41774.0,44291.0
2020-01-02 04:00:00+00:00,43961.0,47305.0
2020-01-02 05:00:00+00:00,47850.0,51595.0
2020-01-02 06:00:00+00:00,52828.0,55743.0
2020-01-02 07:00:00+00:00,56329.0,61451.0
2020-01-02 08:00:00+00:00,58780.0,63150.0
2020-01-02 09:00:00+00:00,59588.0,64347.0
2020-01-02 10:00:00+00:00,60169.0,65702.0
2020-01-02 11:00:00+00:00,60786.0,66161.0
2020-01-02 12:00:00+00:00,60272.0,64715.0
2020-01-02 13:00:00+00:00,59483.0,63553.0
2020-01-02 14:00:00+00:00,59173.0,63728.0
2020-01-02 15:00:00+00:00,60091.0,64845.0
2020-01-02 16:00:00+00:00,62599.0,69047.0
2020-01-02 17:00:00+00:00,62923.0,69106.0
2020-01-02 18:00:00+00:00,61932.0,65344.0
2020-01-02 19:00:00+00:00,58422.0,61994.0
2020-01-02 20:00:00+00:00,55661.0,58371.0
2020-01-02 21:00:00+00:00,54103.0,57735.0
2020-01-02 22:00:00+00:00,50732.0,53613.0
2020-01-02 23:00:00+00:00,47641.0,50988.0
2020-01-03 00:00:00+00:00,46071.0,50215.0
2020-01-03 01:00:00+00:00,45485.0,49579.0
2020-01-03 02:00:00+00:00,45301.0,49644.0
2020-01-03 03:00:00+00:00,46070.0,50454.0
2020-01-03 04:00:00+00:00,47894.0,51910.0
2020-01-03 05:00:00+00:00,51787.0,57594.0
2020-01-03 06:00:00+00:00,55935.0,62823.0
2020-01-03 07:00:00+00:00,59496.0,66044.0
2020-01-03 08:00:00+00:00,60888.0,67180.0
2020-01-03 09:00:00+00:00,61751.0,68253.0
2020-01-03 10:00:00+00:00,63204.0,69061.0
2020-01-03 11:00:00+00:00,63230.0,68948.0
2020-01-03 12:00:00+00:00,61575.0,67703.0
2020-01-03 13:00:00+00:00,60449.0,66574.0
2020-01-03 14:00:00+00:00,59983.0,66336.0
2020-01-03 15:00:00+00:00,60757.0,67450.0
2020-01-03 16:00:00+00:00,62491.0,68563.0
2020-01-03 17:00:00+00:00,62157.0,68124.0
2020-01-03 18:00:00+00:00,60931.0,66382.0
2020-01-03 19:00:00+00:00,56910.0,62959.0
2020-01-03 20:00:00+00:00,53806.0,60135.0
2020-01-03 21:00:00+00:00,52540.0,57169.0
2020-01-03 22:00:00+00:00,49359.0,54267.0
2020-01-03 23:00:00+00:00,46773.0,49758.0
2020-01-04 00:00:00+00:00,45003.0,47331.0
2020-01-04 01:00:00+00:00,44345.0,46689.0
2020-01-04 02:00:00+00:00,43801.0,46176.0
2020-01-04 03:00:00+00:00,44501.0,46654.0
2020-01-04 04:00:00+00:00,45049.0,46927.0
2020-01-04 05:00:00+00:00,46138.0,47919.0
2020-01-04 06:00:00+00:00,48876.0,50914.0
2020-01-04 07:00:00+00:00,51876.0,54094.0
2020-01-04 08:00:00+00:00,55337.0,56727.0
2020-01-04 09:00:00+00:00,57584.0,59686.0
2020-01-04 10:00:00+00:00,59443.0,61265.0
2020-01-04 11:00:00+00:00,59873.0,61032.0
2020-01-04 12:00:00+00:00,58499.0,59630.0
2020-01-04 13:00:00+00:00,57624.0,58236.0
2020-01-04 14:00:00+00:00,56651.0,58307.0
2020-01-04 15:00:00+00:00,58144.0,59370.0
2020-01-04 16:00:00+00:00,60436.0,62552.0
2020-01-04 17:00:00+00:00,59971.0,62337.0
2020-01-04 18:00:00+00:00,58093.0,59970.0
2020-01-04 19:00:00+00:00,54603.0,56152.0
2020-01-04 20:00:00+00:00,52028.0,54951.0
2020-01-04 21:00:00+00:00,50722.0,53269.0
2020-01-04 22:00:00+00:00,47994.0,50187.0
2020-01-04 23:00:00+00:00,44880.0,46232.0
2020-01-05 00:00:00+00:00,42638.0,44145.0
2020-01-05 01:00:00+00:00,41865.0,42621.0
2020-01-05 02:00:00+00:00,40752.0,42350.0
2020-01-05 03:00:00+00:00,40754.0,42618.0
2020-01-05 04:00:00+00:00,40409.0,42535.0
2020-01-05 05:00:00+00:00,39751.0,42291.0
2020-01-05 06:00:00+00:00,41953.0,43177.0
2020-01-05 07:00:00+00:00,43752.0,46826.0
2020-01-05 08:00:00+00:00,47044.0,50667.0
2020-01-05 09:00:00+00:00,50397.0,52875.0
2020-01-05 10:00:00+00:00,52744.0,55172.0
2020-01-05 11:00:00+00:00,52825.0,55470.0
2020-01-05 12:00:00+00:00,51568.0,54661.0
2020-01-05 13:00:00+00:00,50470.0,53594.0
2020-01-05 14:00:00+00:00,50177.0,52909.0
2020-01-05 15:00:00+00:00,51651.0,55054.0
2020-01-05 16:00:00+00:00,55601.0,57602.0
2020-01-05 17:00:00+00:00,56412.0,58681.0
2020-01-05 18:00:00+00:00,54808.0,57031.0
2020-01-05 19:00:00+00:00,52478.0,55570.0
2020-01-05 20:00:00+00:00,50972.0,53880.0
2020-01-05 21:00:00+00:00,50438.0,53429.0
2020-01-05 22:00:00+00:00,47398.0,50485.0
2020-01-05 23:00:00+00:00,45225.0,47073.0
2020-01-06 00:00:00+00:00,43646.0,44314.0
2020-01-06 01:00:00+00:00,42812.0,43756.0
2020-01-06 02:00:00+00:00,43212.0,44127.0
2020-01-06 03:00:00+00:00,44464.0,45756.0
2020-01-06 04:00:00+00:00,47111.0,48941.0
2020-01-06 05:00:00+00:00,51821.0,53391.0
2020-01-06 06:00:00+00:00,57075.0,59998.0
2020-01-06 07:00:00+00:00,59509.0,64083.0
2020-01-06 08:00:00+00:00,61130.0,65388.0
2020-01-06 09:00:00+00:00,62336.0,66791.0
2020-01-06 10:00:00+00:00,63191.0,67037.0
2020-01-06 11:00:00+00:00,63404.0,66793.0
2020-01-06 12:00:00+00:00,62372.0,66603.0
2020-01-06 13:00:00+00:00,61577.0,65894.0
2020-01-06 14:00:00+00:00,61264.0,65685.0
2020-01-06 15:00:00+00:00,62276.0,66267.0
2020-01-06 16:00:00+00:00,66018.0,67389.0
2020-01-06 17:00:00+00:00,66215.0,67558.0
2020-01-06 18:00:00+00:00,64831.0,66457.0
2020-01-06 19:00:00+00:00,61350.0,62918.0
2020-01-06 20:00:00+00:00,58821.0,58934.0
2020-01-06 21:00:00+00:00,56577.0,56239.0
2020-01-06 22:00:00+00:00,52904.0,53883.0
2020-01-06 23:00:00+00:00,50708.0,51588.0
2020-01-07 00:00:00+00:00,49617.0,48977.0
2020-01-07 01:00:00+00:00,48105.0,48804.0
2020-01-07 02:00:00+00:00,48553.0,49074.0
2020-01-07 03:00:00+00:00,50054.0,51219.0
2020-01-07 04:00:00+00:00,53241.0,54848.0
2020-01-07 05:00:00+00:00,60420.0,63491.0
2020-01-07 06:00:00+00:00,66527.0,69442.0
2020-01-07 07:00:00+00:00,69198.0,71095.0
2020-01-07 08:00:00+00:00,69408.0,71519.0
2020-01-07 09:00:00+00:00,69896.0,71632.0
2020-01-07 10:00:00+00:00,70089.0,71958.0
2020-01-07 11:00:00+00:00,69367.0,71876.0
2020-01-07 12:00:00+00:00,69465.0,71707.0
2020-01-07 13:00:00+00:00,68854.0,71221.0
2020-01-07 14:00:00+00:00,68089.0,71079.0
2020-01-07 15:00:00+00:00,68574.0,71181.0
2020-01-07 16:00:00+00:00,70914.0,73044.0
2020-01-07 17:00:00+00:00,70678.0,72320.0
2020-01-07 18:00:00+00:00,68990.0,71370.0
2020-01-07 19:00:00+00:00,65235.0,68359.0
2020-01-07 20:00:00+00:00,61997.0,64205.0
2020-01-07 21:00:00+00:00,59030.0,61009.0
2020-01-07 22:00:00+00:00,55343.0,58050.0
2020-01-07 23:00:00+00:00,52694.0,51215.0
