local_time_berlin,utc_timestamp,horizon_day,forecast_MW,pi80_low_MW,pi80_high_MW,forecast_alt_full_history_MW,forecast_posthoc_runfeat_MW,actual_MW,temp_C,error_MW,abs_pct_error
2020-01-01 00:00,2019-12-31 23:00,1,45253.6,42582.6,47089.8,43029.9,42876.5,42335.0,1.01,2918.6,6.89
2020-01-01 01:00,2020-01-01 00:00,1,43276.7,40722.4,45032.7,41096.0,40949.2,41187.0,1.32,2089.7,5.07
2020-01-01 02:00,2020-01-01 01:00,1,42079.7,39596.0,43787.1,40006.0,39866.4,40398.0,0.87,1681.7,4.16
2020-01-01 03:00,2020-01-01 02:00,1,41480.2,39031.9,43163.3,39479.2,39342.0,38919.0,0.4,2561.2,6.58
2020-01-01 04:00,2020-01-01 03:00,1,41616.8,39160.4,43305.4,39408.6,39271.6,38879.0,-0.1,2737.8,7.04
2020-01-01 05:00,2020-01-01 04:00,1,41658.6,39199.7,43348.9,38971.0,38834.1,39162.0,-0.35,2496.6,6.38
2020-01-01 06:00,2020-01-01 05:00,1,37658.4,35435.6,39186.4,35550.5,35410.4,37510.0,-0.62,148.4,0.4
2020-01-01 07:00,2020-01-01 06:00,1,39157.8,36846.5,40746.6,37185.2,37041.6,37892.0,-0.76,1265.8,3.34
2020-01-01 08:00,2020-01-01 07:00,1,41341.1,38901.0,43018.5,39637.1,39490.5,38677.0,-0.85,2664.1,6.89
2020-01-01 09:00,2020-01-01 08:00,1,44454.6,41830.7,46258.3,42304.0,42146.3,41091.0,-0.39,3363.6,8.19
2020-01-01 10:00,2020-01-01 09:00,1,47177.3,44392.8,49091.6,44305.8,44124.7,43094.0,1.18,4083.3,9.48
2020-01-01 11:00,2020-01-01 10:00,1,49456.0,46537.0,51462.7,46053.9,45852.2,45249.0,2.62,4207.0,9.3
2020-01-01 12:00,2020-01-01 11:00,1,50593.3,47607.1,52646.2,47984.0,47742.0,46498.0,3.72,4095.3,8.81
2020-01-01 13:00,2020-01-01 12:00,1,48449.0,45589.4,50414.8,46187.4,45957.8,46328.0,4.1,2121.0,4.58
2020-01-01 14:00,2020-01-01 13:00,1,47416.4,44617.7,49340.3,45131.4,44907.8,45115.0,4.24,2301.4,5.1
2020-01-01 15:00,2020-01-01 14:00,1,47200.6,44414.7,49115.8,44983.5,44763.0,45039.0,3.63,2161.6,4.8
2020-01-01 16:00,2020-01-01 15:00,1,48583.2,45715.7,50554.5,46308.1,46084.5,47313.0,1.52,1270.2,2.68
2020-01-01 17:00,2020-01-01 16:00,1,52204.3,49123.0,54322.5,49775.5,49538.7,51194.0,0.13,1010.3,1.97
2020-01-01 18:00,2020-01-01 17:00,1,54396.6,51185.9,56603.7,51190.5,51004.8,51755.0,-0.63,2641.6,5.1
2020-01-01 19:00,2020-01-01 18:00,1,53666.5,50498.9,55844.0,50584.5,50397.5,50732.0,-1.03,2934.5,5.78
2020-01-01 20:00,2020-01-01 19:00,1,51469.2,48431.3,53557.5,48821.9,48633.5,48591.0,-1.27,2878.2,5.92
2020-01-01 21:00,2020-01-01 20:00,1,50045.3,47091.4,52075.9,47528.6,47336.0,47664.0,-1.47,2381.3,5.0
2020-01-01 22:00,2020-01-01 21:00,1,49681.2,46748.9,51697.0,47303.1,47105.1,46994.0,-1.47,2687.2,5.72
2020-01-01 23:00,2020-01-01 22:00,1,46835.8,44071.3,48736.1,44704.6,44515.6,44105.0,-2.05,2730.8,6.19
2020-01-02 00:00,2020-01-01 23:00,2,45693.7,42942.3,47024.6,44643.7,42811.6,42547.0,-2.47,3146.7,7.4
2020-01-02 01:00,2020-01-02 00:00,2,43771.3,41135.7,45046.2,42596.5,40840.0,41194.0,-1.63,2577.3,6.26
2020-01-02 02:00,2020-01-02 01:00,2,43073.8,40480.2,44328.4,42104.7,40370.2,40773.0,-2.36,2300.8,5.64
2020-01-02 03:00,2020-01-02 02:00,2,43206.0,40604.4,44464.4,42277.6,40532.8,40795.0,-2.56,2411.0,5.91
2020-01-02 04:00,2020-01-02 03:00,2,44113.9,41457.6,45398.7,43177.2,41391.4,41774.0,-2.5,2339.9,5.6
2020-01-02 05:00,2020-01-02 04:00,2,46494.4,43694.8,47848.6,45523.2,43636.4,43961.0,-2.29,2533.4,5.76
2020-01-02 06:00,2020-01-02 05:00,2,54874.3,51570.1,56472.6,52773.7,50603.6,47850.0,-2.17,7024.3,14.68
2020-01-02 07:00,2020-01-02 06:00,2,60714.6,57058.7,62483.0,58209.1,55827.1,52828.0,-2.55,7886.6,14.93
2020-01-02 08:00,2020-01-02 07:00,2,62893.3,59106.3,64725.2,60147.0,57691.7,56329.0,-2.27,6564.3,11.65
2020-01-02 09:00,2020-01-02 08:00,2,63112.3,59312.1,64950.5,60523.0,58050.9,58780.0,-1.4,4332.3,7.37
2020-01-02 10:00,2020-01-02 09:00,2,63732.9,59895.2,65589.1,61182.1,58668.7,59588.0,0.28,4144.9,6.96
2020-01-02 11:00,2020-01-02 10:00,2,64527.8,60642.3,66407.2,61991.2,59434.6,60169.0,1.77,4358.8,7.24
2020-01-02 12:00,2020-01-02 11:00,2,67911.6,63822.4,69889.6,65469.8,62784.1,60786.0,3.05,7125.6,11.72
2020-01-02 13:00,2020-01-02 12:00,2,67251.9,63202.4,69210.7,64950.6,62294.2,60272.0,3.21,6979.9,11.58
2020-01-02 14:00,2020-01-02 13:00,2,66310.9,62318.1,68242.3,64034.3,61419.5,59483.0,3.4,6827.9,11.48
2020-01-02 15:00,2020-01-02 14:00,2,65794.8,61833.1,67711.2,63748.6,61149.4,59173.0,2.65,6621.8,11.19
2020-01-02 16:00,2020-01-02 15:00,2,65995.0,62021.1,67917.1,64171.4,61557.4,60091.0,1.42,5904.0,9.83
2020-01-02 17:00,2020-01-02 16:00,2,68709.4,64572.2,70710.7,66864.7,64139.6,62599.0,0.81,6110.4,9.76
2020-01-02 18:00,2020-01-02 17:00,2,70622.9,66370.4,72679.9,68340.4,65567.8,62923.0,0.53,7699.9,12.24
2020-01-02 19:00,2020-01-02 18:00,2,68924.1,64773.9,70931.5,66601.9,63889.9,61932.0,0.4,6992.1,11.29
2020-01-02 20:00,2020-01-02 19:00,2,65024.1,61108.7,66918.0,62736.7,60171.9,58422.0,0.19,6602.1,11.3
2020-01-02 21:00,2020-01-02 20:00,2,61634.0,57922.7,63429.1,59499.9,57052.7,55661.0,0.29,5973.0,10.73
2020-01-02 22:00,2020-01-02 21:00,2,59283.7,55714.0,61010.4,57184.2,54819.6,54103.0,0.47,5180.7,9.58
2020-01-02 23:00,2020-01-02 22:00,2,55314.1,51983.4,56925.2,53344.0,51128.9,50732.0,0.66,4582.1,9.03
2020-01-03 00:00,2020-01-02 23:00,3,50529.1,48924.1,53693.6,48140.9,47041.1,47641.0,0.98,2888.1,6.06
2020-01-03 01:00,2020-01-03 00:00,3,48469.8,46930.2,51505.3,46202.4,45134.3,46071.0,1.65,2398.8,5.21
2020-01-03 02:00,2020-01-03 01:00,3,47468.9,45961.0,50441.7,45276.0,44220.2,45485.0,2.04,1983.9,4.36
2020-01-03 03:00,2020-01-03 02:00,3,47512.3,46003.1,50487.9,45351.7,44285.8,45301.0,2.34,2211.3,4.88
2020-01-03 04:00,2020-01-03 03:00,3,48447.0,46908.1,51481.2,46297.2,45200.8,46070.0,2.67,2377.0,5.16
2020-01-03 05:00,2020-01-03 04:00,3,51017.2,49396.7,54212.3,48815.3,47652.9,47894.0,2.92,3123.2,6.52
2020-01-03 06:00,2020-01-03 05:00,3,57729.5,55895.8,61345.0,54934.9,53622.3,51787.0,3.21,5942.5,11.47
2020-01-03 07:00,2020-01-03 06:00,3,63834.6,61807.0,67832.5,60569.0,59122.7,55935.0,3.61,7899.6,14.12
2020-01-03 08:00,2020-01-03 07:00,3,66229.6,64125.9,70377.4,62916.9,61437.3,59496.0,3.84,6733.6,11.32
2020-01-03 09:00,2020-01-03 08:00,3,66680.1,64562.0,70856.1,63903.5,62435.5,60888.0,4.32,5792.1,9.51
2020-01-03 10:00,2020-01-03 09:00,3,67446.3,65303.9,71670.3,64737.7,63252.9,61751.0,5.23,5695.3,9.22
2020-01-03 11:00,2020-01-03 10:00,3,68032.4,65871.4,72293.1,65285.7,63781.8,63204.0,6.22,4828.4,7.64
2020-01-03 12:00,2020-01-03 11:00,3,68796.8,66611.5,73105.4,65946.2,64510.0,63230.0,6.95,5566.8,8.8
2020-01-03 13:00,2020-01-03 12:00,3,67629.8,65481.6,71865.3,64791.9,63393.0,61575.0,6.83,6054.8,9.83
2020-01-03 14:00,2020-01-03 13:00,3,66089.4,63990.1,70228.5,63336.8,61964.1,60449.0,7.2,5640.4,9.33
2020-01-03 15:00,2020-01-03 14:00,3,65331.4,63256.2,69422.9,62573.4,61220.0,59983.0,7.27,5348.4,8.92
2020-01-03 16:00,2020-01-03 15:00,3,65689.2,63602.6,69803.1,62781.0,61429.6,60757.0,7.15,4932.2,8.12
2020-01-03 17:00,2020-01-03 16:00,3,68204.4,66037.9,72475.9,65232.2,63831.0,62491.0,7.03,5713.4,9.14
2020-01-03 18:00,2020-01-03 17:00,3,69700.0,67486.0,74065.1,67137.7,65627.9,62157.0,6.99,7543.0,12.14
2020-01-03 19:00,2020-01-03 18:00,3,67605.0,65457.6,71839.0,65025.3,63559.7,60931.0,6.7,6674.0,10.95
2020-01-03 20:00,2020-01-03 19:00,3,63419.3,61404.9,67391.2,60895.7,59519.8,56910.0,6.35,6509.3,11.44
2020-01-03 21:00,2020-01-03 20:00,3,60165.0,58253.9,63933.0,57639.7,56332.1,53806.0,6.06,6359.0,11.82
2020-01-03 22:00,2020-01-03 21:00,3,58077.0,56232.2,61714.2,55630.2,54363.2,52540.0,5.89,5537.0,10.54
2020-01-03 23:00,2020-01-03 22:00,3,54379.0,52651.7,57784.7,52165.9,50979.2,49359.0,5.6,5020.0,10.17
2020-01-04 00:00,2020-01-03 23:00,4,49850.7,48832.0,53291.2,47935.2,47970.1,46773.0,4.91,3077.7,6.58
2020-01-04 01:00,2020-01-04 00:00,4,47692.3,46717.7,50983.8,45820.4,45860.7,45003.0,4.75,2689.3,5.98
2020-01-04 02:00,2020-01-04 01:00,4,46434.8,45485.9,49639.5,44622.4,44654.8,44345.0,4.35,2089.8,4.71
2020-01-04 03:00,2020-01-04 02:00,4,45894.2,44956.3,49061.6,44178.0,44208.4,43801.0,4.01,2093.2,4.78
2020-01-04 04:00,2020-01-04 03:00,4,45896.0,44958.1,49063.6,44152.4,44184.4,44501.0,3.84,1395.0,3.13
2020-01-04 05:00,2020-01-04 04:00,4,45780.8,44845.3,48940.4,43993.9,44029.2,45049.0,3.74,731.8,1.62
2020-01-04 06:00,2020-01-04 05:00,4,46631.6,45678.7,49850.0,44799.0,44842.7,46138.0,3.74,493.6,1.07
2020-01-04 07:00,2020-01-04 06:00,4,49828.0,48809.8,53266.9,48129.9,48168.6,48876.0,3.86,952.0,1.95
2020-01-04 08:00,2020-01-04 07:00,4,53375.7,52285.0,57059.4,51564.5,51573.5,51876.0,3.93,1499.7,2.89
2020-01-04 09:00,2020-01-04 08:00,4,56552.6,55397.0,60455.7,54436.1,54402.5,55337.0,4.12,1215.6,2.2
2020-01-04 10:00,2020-01-04 09:00,4,58413.6,57220.0,62445.1,56055.4,55983.1,57584.0,4.49,829.6,1.44
2020-01-04 11:00,2020-01-04 10:00,4,59494.2,58278.5,63600.3,56913.1,56805.7,59443.0,4.8,51.2,0.09
2020-01-04 12:00,2020-01-04 11:00,4,61197.4,59946.8,65421.0,57796.0,57655.5,59873.0,4.97,1324.4,2.21
2020-01-04 13:00,2020-01-04 12:00,4,59614.9,58396.7,63729.3,56177.4,56022.5,58499.0,5.18,1115.9,1.91
2020-01-04 14:00,2020-01-04 13:00,4,58210.7,57021.2,62228.2,54730.4,54572.3,57624.0,5.33,586.7,1.02
2020-01-04 15:00,2020-01-04 14:00,4,57883.0,56700.2,61877.9,54318.2,54153.3,56651.0,5.25,1232.0,2.17
2020-01-04 16:00,2020-01-04 15:00,4,58853.8,57651.1,62915.6,55129.1,54965.4,58144.0,5.0,709.8,1.22
2020-01-04 17:00,2020-01-04 16:00,4,62326.6,61053.0,66628.1,58355.7,58181.2,60436.0,4.56,1890.6,3.13
2020-01-04 18:00,2020-01-04 17:00,4,61931.1,60665.6,66205.3,58702.5,58534.7,59971.0,4.27,1960.1,3.27
2020-01-04 19:00,2020-01-04 18:00,4,59997.0,58771.0,64137.8,56977.3,56837.2,58093.0,4.08,1904.0,3.28
2020-01-04 20:00,2020-01-04 19:00,4,56247.4,55098.0,60129.4,53359.0,53255.3,54603.0,3.94,1644.4,3.01
2020-01-04 21:00,2020-01-04 20:00,4,53789.4,52690.2,57501.7,50926.5,50847.9,52028.0,3.68,1761.4,3.39
2020-01-04 22:00,2020-01-04 21:00,4,52950.7,51868.7,56605.1,50094.1,50024.4,50722.0,3.36,2228.7,4.39
2020-01-04 23:00,2020-01-04 22:00,4,49998.0,48976.3,53448.7,47257.9,47190.4,47994.0,2.93,2004.0,4.18
2020-01-05 00:00,2020-01-04 23:00,5,46243.5,45885.5,48561.5,43762.6,43706.6,44880.0,2.63,1363.5,3.04
2020-01-05 01:00,2020-01-05 00:00,5,44034.9,43693.9,46242.1,41544.9,41516.1,42638.0,3.02,1396.9,3.28
2020-01-05 02:00,2020-01-05 01:00,5,42816.4,42484.9,44962.5,40466.1,40442.2,41865.0,2.86,951.4,2.27
2020-01-05 03:00,2020-01-05 02:00,5,42338.2,42010.4,44460.4,39947.4,39926.7,40752.0,2.72,1586.2,3.89
2020-01-05 04:00,2020-01-05 03:00,5,42303.0,41975.5,44423.4,39828.6,39809.9,40754.0,2.57,1549.0,3.8
2020-01-05 05:00,2020-01-05 04:00,5,41956.9,41632.1,44060.0,39332.7,39312.1,40409.0,2.32,1547.9,3.83
2020-01-05 06:00,2020-01-05 05:00,5,41164.5,40845.8,43227.9,38710.6,38680.6,39751.0,2.12,1413.5,3.56
2020-01-05 07:00,2020-01-05 06:00,5,43075.3,42741.8,45234.4,40807.2,40755.4,41953.0,1.8,1122.3,2.68
2020-01-05 08:00,2020-01-05 07:00,5,46064.8,45708.1,48373.8,43828.5,43732.5,43752.0,1.45,2312.8,5.29
2020-01-05 09:00,2020-01-05 08:00,5,49610.6,49226.5,52097.4,46981.1,46840.0,47044.0,1.49,2566.6,5.46
2020-01-05 10:00,2020-01-05 09:00,5,52434.9,52029.0,55063.2,49276.7,49118.9,50397.0,2.43,2037.9,4.04
2020-01-05 11:00,2020-01-05 10:00,5,55045.7,54619.5,57804.8,51395.3,51225.6,52744.0,3.36,2301.7,4.36
2020-01-05 12:00,2020-01-05 11:00,5,55949.8,55516.7,58754.3,51773.1,51611.8,52825.0,4.16,3124.8,5.92
2020-01-05 13:00,2020-01-05 12:00,5,54148.0,53728.7,56862.1,49888.1,49742.1,51568.0,4.81,2580.0,5.0
2020-01-05 14:00,2020-01-05 13:00,5,52786.9,52378.2,55432.8,48625.6,48485.8,50470.0,5.15,2316.9,4.59
2020-01-05 15:00,2020-01-05 14:00,5,52382.8,51977.2,55008.5,48266.7,48118.0,50177.0,5.01,2205.8,4.4
2020-01-05 16:00,2020-01-05 15:00,5,53606.3,53191.3,56293.3,49559.2,49366.0,51651.0,4.04,1955.3,3.79
2020-01-05 17:00,2020-01-05 16:00,5,57552.9,57107.3,60437.7,53327.9,53114.6,55601.0,3.53,1951.9,3.51
2020-01-05 18:00,2020-01-05 17:00,5,58512.6,58059.6,61445.5,54771.6,54556.4,56412.0,3.25,2100.6,3.72
2020-01-05 19:00,2020-01-05 18:00,5,57201.2,56758.3,60068.4,53850.0,53674.0,54808.0,3.34,2393.2,4.37
2020-01-05 20:00,2020-01-05 19:00,5,54687.7,54264.3,57428.9,51716.0,51581.3,52478.0,3.33,2209.7,4.21
2020-01-05 21:00,2020-01-05 20:00,5,52911.0,52501.3,55563.1,50274.0,50170.9,50972.0,3.22,1939.0,3.8
2020-01-05 22:00,2020-01-05 21:00,5,52904.3,52494.7,55556.1,50403.7,50319.5,50438.0,3.07,2466.3,4.89
2020-01-05 23:00,2020-01-05 22:00,5,49986.7,49599.7,52492.3,47615.5,47554.0,47398.0,3.05,2588.7,5.46
2020-01-06 00:00,2020-01-05 23:00,6,46048.3,45450.5,48547.2,44211.5,44150.4,45225.0,3.14,823.3,1.82
2020-01-06 01:00,2020-01-06 00:00,6,44288.9,43714.0,46692.4,42671.6,42608.2,43646.0,3.31,642.9,1.47
2020-01-06 02:00,2020-01-06 01:00,6,43603.3,43037.3,45969.5,42075.3,42010.2,42812.0,3.29,791.3,1.85
2020-01-06 03:00,2020-01-06 02:00,6,43856.0,43286.7,46236.0,42328.7,42260.5,43212.0,3.23,644.0,1.49
2020-01-06 04:00,2020-01-06 03:00,6,45277.2,44689.4,47734.3,43797.5,43725.5,44464.0,3.11,813.2,1.83
2020-01-06 05:00,2020-01-06 04:00,6,48760.7,48127.7,51406.8,47299.8,47221.2,47111.0,3.03,1649.7,3.5
2020-01-06 06:00,2020-01-06 05:00,6,54232.7,53528.7,57175.8,52689.1,52619.5,51821.0,2.83,2411.7,4.65
2020-01-06 07:00,2020-01-06 06:00,6,60482.5,59697.4,63764.8,58688.0,58619.1,57075.0,2.61,3407.5,5.97
2020-01-06 08:00,2020-01-06 07:00,6,63000.0,62182.2,66418.9,61030.3,60976.1,59509.0,2.4,3491.0,5.87
2020-01-06 09:00,2020-01-06 08:00,6,63846.7,63017.9,67311.5,62041.9,62012.2,61130.0,2.69,2716.7,4.44
2020-01-06 10:00,2020-01-06 09:00,6,64803.9,63962.7,68320.7,63158.2,63135.7,62336.0,3.33,2467.9,3.96
2020-01-06 11:00,2020-01-06 10:00,6,65556.2,64705.2,69113.8,64079.9,64064.1,63191.0,4.06,2365.2,3.74
2020-01-06 12:00,2020-01-06 11:00,6,67134.4,66263.0,70777.7,65302.2,65344.5,63404.0,4.76,3730.4,5.88
2020-01-06 13:00,2020-01-06 12:00,6,66568.4,65704.2,70180.9,64784.2,64828.2,62372.0,5.25,4196.4,6.73
2020-01-06 14:00,2020-01-06 13:00,6,65612.8,64761.1,69173.5,63901.9,63945.2,61577.0,5.42,4035.8,6.55
2020-01-06 15:00,2020-01-06 14:00,6,65085.0,64240.1,68617.0,63407.4,63459.8,61264.0,5.22,3821.0,6.24
2020-01-06 16:00,2020-01-06 15:00,6,65202.4,64356.0,68740.8,63670.6,63732.4,62276.0,4.07,2926.4,4.7
2020-01-06 17:00,2020-01-06 16:00,6,68142.0,67257.5,71839.9,66460.5,66524.3,66018.0,3.19,2124.0,3.22
2020-01-06 18:00,2020-01-06 17:00,6,68971.4,68076.1,72714.3,67085.0,67118.2,66215.0,2.63,2756.4,4.16
2020-01-06 19:00,2020-01-06 18:00,6,67304.4,66430.7,70956.8,65379.3,65403.3,64831.0,2.28,2473.4,3.82
2020-01-06 20:00,2020-01-06 19:00,6,63396.6,62573.7,66837.0,61479.2,61490.4,61350.0,1.89,2046.6,3.34
2020-01-06 21:00,2020-01-06 20:00,6,60200.0,59418.5,63466.9,58186.2,58186.0,58821.0,1.42,1379.0,2.34
2020-01-06 22:00,2020-01-06 21:00,6,57920.3,57168.4,61063.5,55798.2,55789.3,56577.0,1.14,1343.3,2.37
2020-01-06 23:00,2020-01-06 22:00,6,53904.7,53205.0,56830.0,51876.5,51862.7,52904.0,0.97,1000.7,1.89
2020-01-07 00:00,2020-01-06 23:00,7,50808.4,48925.2,53443.2,48745.5,48916.9,50708.0,0.82,100.4,0.2
2020-01-07 01:00,2020-01-07 00:00,7,48796.3,46987.7,51326.8,46895.4,47050.7,49617.0,1.27,-820.7,1.65
2020-01-07 02:00,2020-01-07 01:00,7,47959.1,46181.5,50446.1,46056.2,46203.6,48105.0,1.37,-145.9,0.3
2020-01-07 03:00,2020-01-07 02:00,7,48086.2,46303.9,50579.8,46213.5,46356.1,48553.0,1.45,-466.8,0.96
2020-01-07 04:00,2020-01-07 03:00,7,49146.8,47325.2,51695.4,47290.0,47429.6,50054.0,1.61,-907.2,1.81
2020-01-07 05:00,2020-01-07 04:00,7,51928.8,50004.1,54621.7,50126.5,50265.7,53241.0,2.01,-1312.2,2.46
2020-01-07 06:00,2020-01-07 05:00,7,60730.8,58479.8,63880.1,58381.1,58524.7,60420.0,2.51,310.8,0.51
2020-01-07 07:00,2020-01-07 06:00,7,67182.3,64692.2,70666.2,64357.4,64513.1,66527.0,2.85,655.3,0.99
2020-01-07 08:00,2020-01-07 07:00,7,69602.5,67022.7,73211.9,66580.0,66748.7,69198.0,3.1,404.5,0.58
2020-01-07 09:00,2020-01-07 08:00,7,70113.5,67514.8,73749.4,67129.9,67309.8,69408.0,3.48,705.5,1.02
2020-01-07 10:00,2020-01-07 09:00,7,71116.4,68480.4,74804.3,68234.3,68425.2,69896.0,4.18,1220.4,1.75
2020-01-07 11:00,2020-01-07 10:00,7,71908.5,69243.2,75637.4,69226.5,69428.2,70089.0,4.94,1819.5,2.6
2020-01-07 12:00,2020-01-07 11:00,7,72324.6,69643.9,76075.1,69891.9,70150.1,69367.0,5.65,2957.6,4.26
2020-01-07 13:00,2020-01-07 12:00,7,71818.0,69156.1,75542.3,69490.1,69761.5,69465.0,5.49,2353.0,3.39
2020-01-07 14:00,2020-01-07 13:00,7,70588.7,67972.4,74249.3,68460.6,68721.7,68854.0,5.88,1734.7,2.52
2020-01-07 15:00,2020-01-07 14:00,7,69927.2,67335.3,73553.4,67816.2,68082.1,68089.0,5.77,1838.2,2.7
2020-01-07 16:00,2020-01-07 15:00,7,70039.1,67443.1,73671.1,67881.8,68158.5,68574.0,5.5,1465.1,2.14
2020-01-07 17:00,2020-01-07 16:00,7,72973.1,70268.4,76757.3,70593.1,70891.5,70914.0,5.1,2059.1,2.9
2020-01-07 18:00,2020-01-07 17:00,7,73632.7,70903.5,77451.1,71389.3,71620.6,70678.0,4.58,2954.7,4.18
2020-01-07 19:00,2020-01-07 18:00,7,71962.6,69295.3,75694.4,69522.5,69739.8,68990.0,4.32,2972.6,4.31
2020-01-07 20:00,2020-01-07 19:00,7,67856.9,65341.8,71375.8,65483.0,65677.2,65235.0,4.02,2621.9,4.02
2020-01-07 21:00,2020-01-07 20:00,7,64272.0,61889.7,67604.9,62048.8,62221.2,61997.0,3.83,2275.0,3.67
2020-01-07 22:00,2020-01-07 21:00,7,61521.4,59241.2,64711.8,59423.6,59582.0,59030.0,3.49,2491.4,4.22
2020-01-07 23:00,2020-01-07 22:00,7,57398.2,55270.8,60374.7,55314.9,55458.3,55343.0,3.2,2055.2,3.71
