,actual,LightGBM,Same hour last week,"Same hour, 52 weeks ago",error_mw
2020-01-01 00:00:00+01:00,42335.0,44462.5,40561.0,44318.0,2127.5
2020-01-01 01:00:00+01:00,41187.0,43926.2,38223.0,42813.0,2739.2
2020-01-01 02:00:00+01:00,40398.0,41935.1,36936.0,42318.0,1537.1
2020-01-01 03:00:00+01:00,38919.0,41464.2,36637.0,41934.0,2545.2
2020-01-01 04:00:00+01:00,38879.0,43437.1,36614.0,43607.0,4558.1
2020-01-01 05:00:00+01:00,39162.0,39780.6,37078.0,46463.0,618.6
2020-01-01 06:00:00+01:00,37510.0,36720.3,37024.0,52329.0,-789.7
2020-01-01 07:00:00+01:00,37892.0,37183.8,38634.0,57736.0,-708.2
2020-01-01 08:00:00+01:00,38677.0,42147.9,41955.0,60956.0,3470.9
2020-01-01 09:00:00+01:00,41091.0,44141.9,46241.0,62833.0,3050.9
2020-01-01 10:00:00+01:00,43094.0,46649.2,48911.0,64259.0,3555.2
2020-01-01 11:00:00+01:00,45249.0,50047.5,50798.0,65434.0,4798.5
2020-01-01 12:00:00+01:00,46498.0,50293.8,50512.0,65705.0,3795.8
2020-01-01 13:00:00+01:00,46328.0,49192.2,47742.0,64849.0,2864.2
2020-01-01 14:00:00+01:00,45115.0,48024.1,46317.0,63278.0,2909.1
2020-01-01 15:00:00+01:00,45039.0,48597.5,45547.0,63354.0,3558.5
2020-01-01 16:00:00+01:00,47313.0,47550.3,45486.0,64290.0,237.3
2020-01-01 17:00:00+01:00,51194.0,50882.4,47631.0,68262.0,-311.6
2020-01-01 18:00:00+01:00,51755.0,52966.6,48297.0,68159.0,1211.6
2020-01-01 19:00:00+01:00,50732.0,50113.9,47359.0,66061.0,-618.1
2020-01-01 20:00:00+01:00,48591.0,49124.9,45470.0,62543.0,533.9
2020-01-01 21:00:00+01:00,47664.0,44888.2,44323.0,59581.0,-2775.8
2020-01-01 22:00:00+01:00,46994.0,44937.7,43864.0,57599.0,-2056.3
2020-01-01 23:00:00+01:00,44105.0,44962.1,42040.0,53280.0,857.1
2020-01-02 00:00:00+01:00,42547.0,45397.8,38605.0,49918.0,2850.8
2020-01-02 01:00:00+01:00,41194.0,42042.3,36909.0,48638.0,848.3
2020-01-02 02:00:00+01:00,40773.0,42679.5,36332.0,48082.0,1906.5
2020-01-02 03:00:00+01:00,40795.0,42564.5,36001.0,47861.0,1769.5
2020-01-02 04:00:00+01:00,41774.0,42798.9,36971.0,48411.0,1024.9
2020-01-02 05:00:00+01:00,43961.0,45558.4,36983.0,50986.0,1597.4
2020-01-02 06:00:00+01:00,47850.0,51513.5,36841.0,55857.0,3663.5
2020-01-02 07:00:00+01:00,52828.0,56043.0,38525.0,60948.0,3215.0
2020-01-02 08:00:00+01:00,56329.0,60158.7,41091.0,64162.0,3829.7
2020-01-02 09:00:00+01:00,58780.0,60462.6,44267.0,65966.0,1682.6
2020-01-02 10:00:00+01:00,59588.0,61416.2,46808.0,66379.0,1828.2
2020-01-02 11:00:00+01:00,60169.0,63322.8,48752.0,67625.0,3153.8
2020-01-02 12:00:00+01:00,60786.0,63615.7,48859.0,67794.0,2829.7
2020-01-02 13:00:00+01:00,60272.0,61528.8,47162.0,66551.0,1256.8
2020-01-02 14:00:00+01:00,59483.0,61087.6,45890.0,65506.0,1604.6
2020-01-02 15:00:00+01:00,59173.0,61406.6,45970.0,64853.0,2233.6
2020-01-02 16:00:00+01:00,60091.0,61444.8,47567.0,65985.0,1353.8
2020-01-02 17:00:00+01:00,62599.0,65144.3,49325.0,69210.0,2545.3
2020-01-02 18:00:00+01:00,62923.0,65138.1,49152.0,69159.0,2215.1
2020-01-02 19:00:00+01:00,61932.0,62860.7,48165.0,67078.0,928.7
2020-01-02 20:00:00+01:00,58422.0,59502.7,46401.0,63478.0,1080.7
2020-01-02 21:00:00+01:00,55661.0,57785.7,46178.0,60663.0,2124.7
2020-01-02 22:00:00+01:00,54103.0,55611.4,45993.0,58350.0,1508.4
2020-01-02 23:00:00+01:00,50732.0,51018.6,42662.0,55087.0,286.6
2020-01-03 00:00:00+01:00,47641.0,54506.4,39888.0,51718.0,6865.4
2020-01-03 01:00:00+01:00,46071.0,50321.3,38475.0,49157.0,4250.3
2020-01-03 02:00:00+01:00,45485.0,50079.8,37791.0,48594.0,4594.8
2020-01-03 03:00:00+01:00,45301.0,49756.8,37799.0,48643.0,4455.8
2020-01-03 04:00:00+01:00,46070.0,50049.1,38745.0,49409.0,3979.1
2020-01-03 05:00:00+01:00,47894.0,49954.4,39944.0,51452.0,2060.4
2020-01-03 06:00:00+01:00,51787.0,54397.9,42398.0,56643.0,2610.9
2020-01-03 07:00:00+01:00,55935.0,60456.9,46574.0,62401.0,4521.9
2020-01-03 08:00:00+01:00,59496.0,63831.3,50036.0,65584.0,4335.3
2020-01-03 09:00:00+01:00,60888.0,64448.6,52587.0,67404.0,3560.6
2020-01-03 10:00:00+01:00,61751.0,66101.4,54000.0,68173.0,4350.4
2020-01-03 11:00:00+01:00,63204.0,66500.2,54759.0,68997.0,3296.2
2020-01-03 12:00:00+01:00,63230.0,67340.6,55273.0,69469.0,4110.6
2020-01-03 13:00:00+01:00,61575.0,66320.3,54667.0,68587.0,4745.3
2020-01-03 14:00:00+01:00,60449.0,65128.7,53887.0,67122.0,4679.7
2020-01-03 15:00:00+01:00,59983.0,64521.8,53753.0,66818.0,4538.8
2020-01-03 16:00:00+01:00,60757.0,66197.4,55131.0,68104.0,5440.4
2020-01-03 17:00:00+01:00,62491.0,67367.5,57337.0,69801.0,4876.5
2020-01-03 18:00:00+01:00,62157.0,66769.7,56762.0,69105.0,4612.7
2020-01-03 19:00:00+01:00,60931.0,65833.6,55187.0,66614.0,4902.6
2020-01-03 20:00:00+01:00,56910.0,60769.4,51828.0,62098.0,3859.4
2020-01-03 21:00:00+01:00,53806.0,57382.1,49501.0,59305.0,3576.1
2020-01-03 22:00:00+01:00,52540.0,56230.3,48037.0,57794.0,3690.3
2020-01-03 23:00:00+01:00,49359.0,51960.8,45266.0,53664.0,2601.8
2020-01-04 00:00:00+01:00,46773.0,50277.1,42462.0,50780.0,3504.1
2020-01-04 01:00:00+01:00,45003.0,47148.6,40814.0,48786.0,2145.6
2020-01-04 02:00:00+01:00,44345.0,45839.4,40342.0,47649.0,1494.4
2020-01-04 03:00:00+01:00,43801.0,45270.9,40202.0,47137.0,1469.9
2020-01-04 04:00:00+01:00,44501.0,45349.0,40883.0,47921.0,848.0
2020-01-04 05:00:00+01:00,45049.0,45290.3,41089.0,47767.0,241.3
2020-01-04 06:00:00+01:00,46138.0,46556.3,41373.0,48420.0,418.3
2020-01-04 07:00:00+01:00,48876.0,48429.3,43751.0,50161.0,-446.7
2020-01-04 08:00:00+01:00,51876.0,51215.8,46965.0,53621.0,-660.2
2020-01-04 09:00:00+01:00,55337.0,54416.2,50213.0,56533.0,-920.8
2020-01-04 10:00:00+01:00,57584.0,56724.3,50682.0,59117.0,-859.7
2020-01-04 11:00:00+01:00,59443.0,59602.4,51465.0,60729.0,159.4
2020-01-04 12:00:00+01:00,59873.0,59250.2,51386.0,60826.0,-622.8
2020-01-04 13:00:00+01:00,58499.0,57257.7,50320.0,59456.0,-1241.3
2020-01-04 14:00:00+01:00,57624.0,56053.7,49026.0,58131.0,-1570.3
2020-01-04 15:00:00+01:00,56651.0,55978.8,49858.0,57920.0,-672.2
2020-01-04 16:00:00+01:00,58144.0,57088.1,52455.0,58847.0,-1055.9
2020-01-04 17:00:00+01:00,60436.0,60895.9,55652.0,61595.0,459.9
2020-01-04 18:00:00+01:00,59971.0,60699.5,55695.0,61433.0,728.5
2020-01-04 19:00:00+01:00,58093.0,58968.0,54137.0,59791.0,875.0
2020-01-04 20:00:00+01:00,54603.0,54105.0,51244.0,56066.0,-498.0
2020-01-04 21:00:00+01:00,52028.0,52246.5,49084.0,53525.0,218.5
2020-01-04 22:00:00+01:00,50722.0,50735.6,47918.0,52340.0,13.6
2020-01-04 23:00:00+01:00,47994.0,47778.3,44642.0,48703.0,-215.7
2020-01-05 00:00:00+01:00,44880.0,44637.4,42135.0,45590.0,-242.6
2020-01-05 01:00:00+01:00,42638.0,42093.1,40202.0,43535.0,-544.9
2020-01-05 02:00:00+01:00,41865.0,40927.1,40075.0,42181.0,-937.9
2020-01-05 03:00:00+01:00,40752.0,40752.5,39498.0,41981.0,0.5
2020-01-05 04:00:00+01:00,40754.0,40609.4,39325.0,41903.0,-144.6
2020-01-05 05:00:00+01:00,40409.0,40285.2,39090.0,41300.0,-123.8
2020-01-05 06:00:00+01:00,39751.0,39775.9,38272.0,40917.0,24.9
2020-01-05 07:00:00+01:00,41953.0,40951.3,39156.0,42040.0,-1001.7
2020-01-05 08:00:00+01:00,43752.0,44620.4,41759.0,44988.0,868.4
2020-01-05 09:00:00+01:00,47044.0,48352.1,44765.0,48812.0,1308.1
2020-01-05 10:00:00+01:00,50397.0,51386.4,46032.0,51933.0,989.4
2020-01-05 11:00:00+01:00,52744.0,55077.9,48260.0,54497.0,2333.9
2020-01-05 12:00:00+01:00,52825.0,55150.9,49349.0,55033.0,2325.9
2020-01-05 13:00:00+01:00,51568.0,53113.0,47541.0,53673.0,1545.0
2020-01-05 14:00:00+01:00,50470.0,52009.6,46312.0,53219.0,1539.6
2020-01-05 15:00:00+01:00,50177.0,51293.3,46671.0,52240.0,1116.3
2020-01-05 16:00:00+01:00,51651.0,53881.8,49244.0,53738.0,2230.8
2020-01-05 17:00:00+01:00,55601.0,56372.8,52332.0,57201.0,771.8
2020-01-05 18:00:00+01:00,56412.0,57163.9,52958.0,58107.0,751.9
2020-01-05 19:00:00+01:00,54808.0,56317.9,51943.0,56663.0,1509.9
2020-01-05 20:00:00+01:00,52478.0,53884.1,49806.0,54371.0,1406.1
2020-01-05 21:00:00+01:00,50972.0,52148.7,48362.0,52443.0,1176.7
2020-01-05 22:00:00+01:00,50438.0,52169.2,47950.0,52249.0,1731.2
2020-01-05 23:00:00+01:00,47398.0,49479.0,45146.0,49497.0,2081.0
2020-01-06 00:00:00+01:00,45225.0,45941.5,43026.0,46260.0,716.5
2020-01-06 01:00:00+01:00,43646.0,42480.0,41138.0,44304.0,-1166.0
2020-01-06 02:00:00+01:00,42812.0,41622.2,40026.0,43691.0,-1189.8
2020-01-06 03:00:00+01:00,43212.0,41779.2,40194.0,44287.0,-1432.8
2020-01-06 04:00:00+01:00,44464.0,43886.7,41114.0,46200.0,-577.3
2020-01-06 05:00:00+01:00,47111.0,46889.6,42845.0,50649.0,-221.4
2020-01-06 06:00:00+01:00,51821.0,56157.9,45099.0,59542.0,4336.9
2020-01-06 07:00:00+01:00,57075.0,59895.1,48828.0,66261.0,2820.1
2020-01-06 08:00:00+01:00,59509.0,62775.9,51706.0,68960.0,3266.9
2020-01-06 09:00:00+01:00,61130.0,64137.4,53959.0,69247.0,3007.4
2020-01-06 10:00:00+01:00,62336.0,64762.2,53475.0,70469.0,2426.2
2020-01-06 11:00:00+01:00,63191.0,65944.2,53629.0,71360.0,2753.2
2020-01-06 12:00:00+01:00,63404.0,65323.6,54139.0,70861.0,1919.6
2020-01-06 13:00:00+01:00,62372.0,64374.7,52653.0,70827.0,2002.7
2020-01-06 14:00:00+01:00,61577.0,63867.3,52431.0,70353.0,2290.3
2020-01-06 15:00:00+01:00,61264.0,63097.5,52719.0,69778.0,1833.5
2020-01-06 16:00:00+01:00,62276.0,62878.2,54457.0,70582.0,602.2
2020-01-06 17:00:00+01:00,66018.0,66272.8,58272.0,72983.0,254.8
2020-01-06 18:00:00+01:00,66215.0,66224.7,58564.0,72271.0,9.7
2020-01-06 19:00:00+01:00,64831.0,64821.7,56927.0,69826.0,-9.3
2020-01-06 20:00:00+01:00,61350.0,60942.6,53959.0,66773.0,-407.4
2020-01-06 21:00:00+01:00,58821.0,57546.1,51937.0,63890.0,-1274.9
2020-01-06 22:00:00+01:00,56577.0,54911.5,50574.0,61124.0,-1665.5
2020-01-06 23:00:00+01:00,52904.0,52409.7,47382.0,57444.0,-494.3
2020-01-07 00:00:00+01:00,50708.0,50572.0,44018.0,53755.0,-136.0
2020-01-07 01:00:00+01:00,49617.0,48603.6,42023.0,51790.0,-1013.4
2020-01-07 02:00:00+01:00,48105.0,46646.3,40856.0,51217.0,-1458.7
2020-01-07 03:00:00+01:00,48553.0,48431.8,40388.0,51792.0,-121.2
2020-01-07 04:00:00+01:00,50054.0,48985.6,40835.0,53483.0,-1068.4
2020-01-07 05:00:00+01:00,53241.0,54583.2,41447.0,56535.0,1342.2
2020-01-07 06:00:00+01:00,60420.0,60907.6,41596.0,64186.0,487.6
2020-01-07 07:00:00+01:00,66527.0,67255.7,44124.0,70387.0,728.7
2020-01-07 08:00:00+01:00,69198.0,69958.8,46802.0,72913.0,760.8
2020-01-07 09:00:00+01:00,69408.0,71102.7,49456.0,73232.0,1694.7
2020-01-07 10:00:00+01:00,69896.0,71221.0,50937.0,73615.0,1325.0
2020-01-07 11:00:00+01:00,70089.0,71755.7,52026.0,73965.0,1666.7
2020-01-07 12:00:00+01:00,69367.0,71940.2,52394.0,74062.0,2573.2
2020-01-07 13:00:00+01:00,69465.0,71070.7,50637.0,73620.0,1605.7
2020-01-07 14:00:00+01:00,68854.0,70708.5,49459.0,72595.0,1854.5
2020-01-07 15:00:00+01:00,68089.0,71052.1,49378.0,72428.0,2963.1
2020-01-07 16:00:00+01:00,68574.0,71278.9,51219.0,73340.0,2704.9
2020-01-07 17:00:00+01:00,70914.0,73817.4,53428.0,75056.0,2903.4
2020-01-07 18:00:00+01:00,70678.0,73263.1,52637.0,74557.0,2585.1
2020-01-07 19:00:00+01:00,68990.0,71798.0,50151.0,72894.0,2808.0
2020-01-07 20:00:00+01:00,65235.0,67269.5,47493.0,69352.0,2034.5
2020-01-07 21:00:00+01:00,61997.0,64478.6,45842.0,65661.0,2481.6
2020-01-07 22:00:00+01:00,59030.0,61168.4,45501.0,62273.0,2138.4
2020-01-07 23:00:00+01:00,55343.0,57467.9,43969.0,58913.0,2124.9
