utc_timestamp,observed_mw,naive_point_mw,sarima_point_mw,sarima_q0.025_mw,sarima_q0.1_mw,sarima_q0.5_mw,sarima_q0.9_mw,sarima_q0.975_mw,prophet_point_mw,prophet_q0.025_mw,prophet_q0.1_mw,prophet_q0.5_mw,prophet_q0.9_mw,prophet_q0.975_mw,lightgbm_point_mw,lightgbm_q0.025_mw,lightgbm_q0.1_mw,lightgbm_q0.5_mw,lightgbm_q0.9_mw,lightgbm_q0.975_mw,nbeats_point_mw,nbeats_q0.025_mw,nbeats_q0.1_mw,nbeats_q0.5_mw,nbeats_q0.9_mw,nbeats_q0.975_mw,patchtst_point_mw,patchtst_q0.025_mw,patchtst_q0.1_mw,patchtst_q0.5_mw,patchtst_q0.9_mw,patchtst_q0.975_mw
2020-01-01 00:00:00+00:00,41187.0,38223.0,42171.7,39141.6,40190.4,42171.7,44153.1,45201.9,33705.1,27652.0,29961.4,33647.2,37310.2,39425.0,40484.2,37975.0,38364.0,41220.8,42087.8,43667.1,40323.0,35145.2,37628.4,40323.0,42932.6,44073.5,40982.7,38874.9,39817.9,40982.7,43607.4,46492.0
2020-01-01 01:00:00+00:00,40398.0,36936.0,40506.3,35936.8,37518.5,40506.3,43494.2,45075.9,33604.9,28056.6,30045.9,33571.5,36922.0,38977.9,39343.3,36891.0,38222.6,40494.8,40996.3,42181.0,39269.0,29367.2,33338.4,39269.0,39755.8,44546.4,39916.8,36898.8,38573.4,39916.8,42206.7,45106.1
2020-01-01 02:00:00+00:00,38919.0,36637.0,38673.9,33136.4,35053.1,38673.9,42294.7,44211.5,34489.6,29078.9,30944.4,34343.2,37915.6,39626.8,38606.0,36774.0,38443.5,39990.7,40503.8,42467.5,35404.8,29659.9,31968.7,35404.8,38611.4,41544.7,38590.1,36431.4,36961.0,38590.1,41435.7,45041.9
2020-01-01 03:00:00+00:00,38879.0,36614.0,37655.4,31551.0,33663.9,37655.4,41646.9,43759.8,36653.0,31420.9,33232.2,36796.2,40216.0,42202.5,38188.0,36700.7,38045.9,39813.0,40414.1,43207.4,39644.5,30271.4,33287.6,39644.5,40404.8,41121.9,38830.2,34954.2,36517.8,38830.2,43114.2,46892.2
2020-01-01 04:00:00+00:00,39162.0,37078.0,37903.5,31487.5,33708.3,37903.5,42098.8,44319.6,41209.3,35806.0,37578.6,41213.5,44796.2,46604.4,37506.7,36338.3,37055.2,39941.2,41661.2,44992.0,38338.6,30756.4,33584.4,38338.6,43210.5,47110.2,39788.3,37025.3,37262.3,39788.3,43355.3,46933.6
2020-01-01 05:00:00+00:00,37510.0,37024.0,40058.3,33478.6,35756.1,40058.3,44360.6,46638.0,46516.5,41081.8,42858.6,46462.6,50029.9,52218.9,39457.7,35589.4,36637.8,42388.9,42445.4,48089.3,38791.3,31041.0,32485.6,38791.3,46647.3,47772.0,38023.9,34627.1,35923.1,38023.9,41666.2,46172.8
2020-01-01 06:00:00+00:00,37892.0,38634.0,42968.3,36304.4,38611.0,42968.3,47325.6,49632.2,50726.3,45549.7,47079.6,50594.3,54279.1,56540.6,36091.8,37035.4,37079.1,39530.7,46029.5,50508.1,41958.3,32113.5,36381.5,41958.3,45188.2,47636.0,42786.0,38055.9,39061.0,42786.0,48851.9,54397.9
2020-01-01 07:00:00+00:00,38677.0,41955.0,44833.7,38125.6,40447.5,44833.7,49220.0,51541.9,53057.7,47301.0,49381.4,53218.9,56629.1,58641.7,38021.5,37900.4,38079.3,42381.8,48468.4,53767.8,42708.3,36325.0,37463.4,42708.3,52767.8,55303.7,43095.1,37485.4,38603.0,43095.1,51342.8,57501.8
2020-01-01 08:00:00+00:00,41091.0,46241.0,46166.6,39433.4,41764.0,46166.6,50569.1,52899.7,54724.7,49544.2,51315.6,54878.1,58144.8,59999.5,39728.6,40340.6,41028.7,43585.0,49503.1,53335.3,48641.5,38391.2,39924.1,48641.5,54993.7,55091.7,48996.0,42093.4,43729.8,48996.0,56520.3,62383.4
2020-01-01 09:00:00+00:00,43094.0,48911.0,47028.9,40279.8,42615.9,47028.9,51441.9,53778.0,56150.1,50599.5,52862.9,56072.4,59965.9,61479.2,44566.4,42441.1,43016.0,45377.4,50440.7,53644.5,49619.5,38709.6,41193.4,49619.5,55891.6,58974.6,49105.0,40894.4,42746.1,49105.0,59412.7,64652.2
2020-01-01 10:00:00+00:00,45249.0,50798.0,47728.3,40967.4,43307.6,47728.3,52149.0,54489.1,56309.2,50846.1,52713.8,56438.4,59887.3,61698.4,46693.3,43675.5,44760.1,47806.1,50635.5,54140.4,49494.4,42762.6,43393.1,49494.4,56964.0,60724.3,51015.1,42146.1,43467.1,51015.1,62897.9,71494.6
2020-01-01 11:00:00+00:00,46498.0,50512.0,47524.6,40753.7,43097.3,47524.6,51951.9,54295.6,55398.7,50229.8,51879.5,55359.4,59037.0,60902.4,46514.7,43993.9,45514.1,45786.2,51872.9,54167.3,51806.1,41404.2,45627.0,51806.1,55016.3,60917.5,52750.2,43918.2,45176.9,52750.2,64069.2,71729.1
2020-01-01 12:00:00+00:00,46328.0,47742.0,46295.1,39514.6,41861.6,46295.1,50728.5,53075.5,54034.0,48306.6,50432.8,53983.8,57382.5,59418.9,45941.0,42035.8,44025.7,45239.7,50712.2,54731.0,52171.7,41399.8,42286.0,52171.7,56411.7,58314.2,53351.4,43334.0,45743.7,53351.4,63901.3,71021.8
2020-01-01 13:00:00+00:00,45115.0,46317.0,45172.8,38382.9,40733.2,45172.8,49612.5,51962.8,52725.0,46976.8,49104.1,53094.2,56527.8,58181.5,44307.7,42097.6,44166.6,44566.5,50355.6,53426.6,47946.0,41701.4,46939.7,47946.0,56677.6,58260.0,46303.9,39920.2,41289.4,46303.9,54675.8,61185.4
2020-01-01 14:00:00+00:00,45039.0,45547.0,44833.3,38033.7,40387.3,44833.3,49279.4,51633.0,51579.8,46234.2,48223.1,51730.3,55162.6,57223.3,45563.7,42933.5,44453.9,44472.9,49924.5,53633.9,48795.3,45876.7,46310.6,48795.3,54579.2,61081.4,49431.7,43099.6,43628.5,49431.7,59197.5,66157.8
2020-01-01 15:00:00+00:00,47313.0,45486.0,46248.0,39438.3,41795.3,46248.0,50700.7,53057.7,51367.8,46262.0,48092.2,51470.6,54992.2,56881.6,46304.1,43142.6,45170.6,45419.6,50788.3,55218.6,48533.6,41496.6,47051.2,48533.6,53660.6,54052.0,50365.0,43016.9,44255.9,50365.0,60191.5,67401.6
2020-01-01 16:00:00+00:00,51194.0,47631.0,48489.2,41669.0,44029.7,48489.2,52948.6,55309.3,52093.1,46750.2,48792.4,52169.9,55699.3,57490.8,51182.5,44797.0,47989.8,49208.9,53737.7,58043.0,50671.1,43773.1,47964.5,50671.1,56004.6,57196.5,49333.1,41472.4,43730.7,49333.1,58003.3,63642.5
2020-01-01 17:00:00+00:00,51755.0,48297.0,48223.6,41392.8,43757.2,48223.6,52690.1,55054.5,52044.6,46556.4,48372.5,51804.5,55554.8,57453.6,50655.6,45034.8,48078.3,49482.9,54265.0,57428.5,50440.4,43663.5,46264.0,50440.4,55831.1,57289.2,52668.1,43023.3,45942.5,52668.1,63871.8,70897.4
2020-01-01 18:00:00+00:00,50732.0,47359.0,46296.7,39455.0,41823.2,46296.7,50770.3,53138.5,50260.1,44759.2,46719.2,50395.9,54080.9,55965.9,49294.4,44149.2,46272.5,47919.5,53237.9,56654.8,51408.2,45902.4,46637.6,51408.2,54182.1,54708.3,50385.3,43376.9,44515.2,50385.3,60235.0,66022.1
2020-01-01 19:00:00+00:00,48591.0,45470.0,43147.3,36294.5,38666.5,43147.3,47628.1,50000.0,47214.6,42115.3,43925.2,47186.8,50682.8,52777.1,47172.1,43414.4,44815.9,46017.2,51013.6,54418.4,51901.4,40449.4,45308.0,51901.4,52458.5,56683.8,51464.7,43832.8,44821.3,51464.7,61329.2,67310.1
2020-01-01 20:00:00+00:00,47664.0,44323.0,40657.3,33793.5,36169.3,40657.3,45145.3,47521.1,44228.1,38551.3,40564.7,44338.4,47800.8,49701.1,46771.9,42463.5,44102.8,45265.5,49777.9,52939.3,51295.1,42040.9,42485.0,51295.1,52162.9,55760.9,49729.2,41607.0,43680.4,49729.2,59599.2,66302.2
2020-01-01 21:00:00+00:00,46994.0,43864.0,38874.8,31999.8,34379.5,38874.8,43370.1,45749.7,40987.8,35381.7,37389.7,41054.5,44230.9,46687.3,45676.2,42091.6,42953.5,45019.0,48587.8,51971.9,48283.2,42558.4,44109.3,48283.2,49199.7,53949.5,47048.0,40957.6,42074.6,47048.0,54802.8,60314.0
2020-01-01 22:00:00+00:00,44105.0,42040.0,35835.5,28949.4,31332.9,35835.5,40338.0,42721.5,37584.9,32101.3,34092.8,37317.9,41081.5,42537.2,44893.0,40630.6,41139.7,45075.4,45746.0,49447.5,43173.9,39889.5,43151.0,43173.9,49564.0,53250.5,44432.7,38945.6,40094.2,44432.7,50586.5,54352.9
2020-01-01 23:00:00+00:00,42547.0,38605.0,43766.8,36869.5,39256.9,43766.8,48276.6,50664.0,35245.0,29774.6,31446.3,35285.8,38788.1,40818.6,42073.0,38523.5,38849.5,43246.1,46003.9,48361.8,44101.1,36106.1,41108.1,44101.1,48075.3,50423.7,42672.7,38061.3,38078.2,42672.7,49967.2,54935.6
2020-01-02 00:00:00+00:00,41194.0,36909.0,42290.1,35323.9,37735.2,42290.1,46845.1,49256.3,44213.1,38739.6,40502.1,44184.4,47915.0,49529.8,40779.1,36330.5,38668.8,41852.4,44425.1,46506.2,40354.4,35727.9,39296.0,40354.4,41720.7,43811.2,39983.2,35424.9,36376.7,39983.2,45735.9,50534.5
2020-01-02 01:00:00+00:00,40773.0,36332.0,41376.6,34331.2,36769.9,41376.6,45983.4,48422.0,44060.6,38768.0,40696.1,44216.2,47701.4,49840.8,40281.4,36507.4,38529.5,41298.4,44075.3,46312.6,39708.3,32839.4,35689.5,39708.3,40161.6,43544.5,40399.2,35480.3,35931.8,40399.2,45783.8,49673.8
2020-01-02 02:00:00+00:00,40795.0,36001.0,41141.5,34026.0,36488.9,41141.5,45794.1,48257.1,44880.6,39514.0,41300.1,44870.9,48450.2,50297.0,40330.8,36405.7,38537.6,40834.8,43642.7,46623.6,39673.3,32912.7,36283.8,39673.3,41272.0,46361.2,40439.2,35054.8,35092.2,40439.2,48111.0,53869.1
2020-01-02 03:00:00+00:00,41774.0,36971.0,41871.1,34700.3,37182.4,41871.1,46559.9,49042.0,46971.0,41776.2,43540.5,46982.1,50337.3,52697.5,40733.5,36894.1,39582.5,41894.0,44481.9,47140.5,37057.5,30856.7,35665.8,37057.5,41593.8,44409.9,39833.1,34758.7,34966.3,39833.1,46716.9,51827.1
2020-01-02 04:00:00+00:00,43961.0,36983.0,43809.7,36597.2,39093.7,43809.7,48525.6,51022.1,51450.5,45861.4,47910.8,51355.4,55130.6,57093.6,43448.5,37339.6,39773.6,43925.1,46298.5,48833.6,39945.9,34041.0,34683.5,39945.9,46770.8,52207.2,41151.3,35405.8,35520.5,41151.3,50208.1,56586.4
2020-01-02 05:00:00+00:00,47850.0,36841.0,47651.2,40407.4,42914.7,47651.2,52387.6,54895.0,56682.5,51290.2,53347.7,56713.1,60169.0,61736.1,48257.4,38920.1,42193.9,48853.7,50708.6,52991.6,40342.2,33817.5,34430.3,40342.2,46213.1,51398.1,41461.5,35386.7,36598.6,41461.5,49418.5,55773.6
2020-01-02 06:00:00+00:00,52828.0,38525.0,51606.6,44338.4,46854.2,51606.6,56359.1,58874.9,60824.3,55427.6,57460.7,60890.8,64454.4,65977.1,52521.3,43824.9,44119.4,52712.2,56992.4,57739.0,46691.8,35445.3,40857.3,46691.8,48965.8,53779.4,45720.4,37174.6,38478.3,45720.4,55782.6,62479.2
2020-01-02 07:00:00+00:00,56329.0,41091.0,54000.0,46711.8,49234.5,54000.0,58765.6,61288.3,63099.1,57181.6,59236.8,63045.7,66698.5,68594.0,56502.4,45372.6,47457.5,56646.7,60307.8,60923.9,48784.5,35825.9,43540.4,48784.5,56167.7,57043.8,47618.5,36979.1,38965.3,47618.5,62987.8,73193.4
2020-01-02 08:00:00+00:00,58780.0,44267.0,55528.5,48222.8,50751.6,55528.5,60305.4,62834.1,64724.0,58860.2,60762.6,64382.7,68028.7,70052.6,59084.2,47119.1,51332.0,59082.3,61796.9,62419.7,51535.2,39590.9,41832.0,51535.2,57709.7,58173.5,53220.2,41169.0,44189.9,53220.2,66550.8,73690.7
2020-01-02 09:00:00+00:00,59588.0,46808.0,56519.2,49197.8,51732.0,56519.2,61306.5,63840.7,66122.9,60639.1,62353.3,66119.0,69696.3,71151.5,60107.6,51093.2,54296.5,59994.2,62003.6,62934.3,54184.3,44934.2,45412.9,54184.3,59079.2,61946.1,56253.0,42401.1,46612.0,56253.0,68969.7,75896.2
2020-01-02 10:00:00+00:00,60169.0,48752.0,57266.7,49930.3,52469.6,57266.7,62063.7,64603.1,66271.4,60644.4,62655.5,66099.4,69741.6,71866.8,60508.9,53223.8,58032.2,61404.8,63320.2,63735.6,52510.9,45188.4,47499.3,52510.9,59938.5,62666.4,56227.2,42936.0,46824.9,56227.2,70023.7,77249.3
2020-01-02 11:00:00+00:00,60786.0,48859.0,57012.3,49661.3,52205.7,57012.3,61818.8,64363.3,65364.6,59720.2,61914.0,65295.7,68965.6,70649.7,61488.8,53728.8,58506.6,61615.3,63465.7,64006.3,54136.9,45572.4,51633.9,54136.9,59398.5,62608.2,57407.7,43366.8,47925.3,57407.7,70723.0,77671.4
2020-01-02 12:00:00+00:00,60272.0,47162.0,55867.1,48501.7,51051.1,55867.1,60683.1,63232.5,64015.2,59038.1,60798.2,64003.8,67439.5,69096.2,61367.2,52285.7,57885.7,60948.2,62804.1,63703.3,55450.0,42819.3,53326.3,55450.0,60172.5,62085.8,56955.8,43076.0,46022.8,56955.8,72877.3,79658.9
2020-01-02 13:00:00+00:00,59483.0,45890.0,54737.3,47357.5,49911.9,54737.3,59562.6,62117.0,62730.4,57613.0,59245.6,62654.7,66565.4,68156.1,60030.3,50988.6,54792.6,59630.9,61819.0,61997.3,54845.3,46878.7,47344.8,54845.3,56413.8,60550.1,53734.2,38825.8,43438.5,53734.2,70533.5,80922.5
2020-01-02 14:00:00+00:00,59173.0,45970.0,54335.1,46940.8,49500.2,54335.1,59169.9,61729.3,61615.5,56058.0,57918.8,61778.5,65442.5,67118.9,58993.0,50934.3,55490.6,59680.0,61204.4,61750.4,51117.1,46253.1,47294.3,51117.1,57054.1,62052.8,56210.8,43059.9,46962.1,56210.8,70105.6,76616.2
2020-01-02 15:00:00+00:00,60091.0,47567.0,55661.5,48252.8,50817.2,55661.5,60505.8,63070.2,61437.7,55993.0,57975.9,61270.1,65047.5,66806.1,60199.6,52657.1,57046.7,60936.3,62605.0,63335.8,55970.9,45979.2,46625.0,55970.9,58082.5,61104.4,55771.3,43811.9,46974.0,55771.3,69320.2,76452.6
2020-01-02 16:00:00+00:00,62599.0,49325.0,57890.4,50467.2,53036.6,57890.4,62744.2,65313.6,62199.8,56865.2,58504.1,62307.5,66012.3,67741.9,63289.9,55788.0,59992.0,64055.1,64880.6,66085.3,53919.1,42241.8,49296.3,53919.1,58677.9,61592.0,55695.7,42567.7,47694.6,55695.7,68110.9,75779.5
2020-01-02 17:00:00+00:00,62923.0,49152.0,57694.8,50257.0,52831.5,57694.8,62558.0,65132.5,62190.8,56528.8,58763.4,62022.3,65598.3,67710.5,64097.7,55635.0,60220.0,63977.0,65514.6,66602.2,54745.2,45030.7,45405.5,54745.2,58905.1,61822.0,57600.0,42610.2,48899.1,57600.0,71073.4,78188.0
2020-01-02 18:00:00+00:00,61932.0,48165.0,55847.1,48394.7,50974.3,55847.1,60719.9,63299.4,60449.2,55138.3,56902.7,60497.9,64099.6,65839.5,63588.4,54754.4,59116.3,62658.1,64384.1,64990.5,51415.0,44567.6,49071.6,51415.0,58764.3,61503.5,57526.5,45857.9,49319.9,57526.5,68622.6,73967.7
2020-01-02 19:00:00+00:00,58422.0,46401.0,52614.4,45147.5,47732.1,52614.4,57496.8,60081.3,57450.6,52360.9,54241.3,57512.5,60886.3,62816.0,60456.7,51562.9,57444.0,60184.8,61223.0,61563.1,53818.8,49068.8,51701.0,53818.8,58107.1,59607.8,56407.1,45167.4,48206.1,56407.1,67560.4,72947.9
2020-01-02 20:00:00+00:00,55661.0,46178.0,49988.8,42507.3,45096.9,49988.8,54880.7,57470.3,54515.9,48881.8,50621.6,54499.1,57843.5,60050.2,58033.9,50322.7,54043.9,57519.3,59176.7,59424.5,51229.4,44037.0,46441.6,51229.4,59628.4,60323.2,54517.2,44227.8,46983.3,54517.2,65211.0,70989.0
2020-01-02 21:00:00+00:00,54103.0,45993.0,47977.3,40481.2,43075.9,47977.3,52878.6,55473.3,51331.8,46320.2,48026.5,51373.8,54772.9,56820.6,56341.3,49334.5,51933.0,55468.1,56523.1,57114.9,50836.1,44423.9,49211.0,50836.1,52817.0,54764.1,51498.6,42652.8,45092.1,51498.6,61148.5,67491.7
2020-01-02 22:00:00+00:00,50732.0,42662.0,44699.5,37189.0,39788.7,44699.5,49610.4,52210.1,47987.8,42325.5,44210.9,47766.7,51463.8,53523.5,53291.7,45635.2,46920.0,51557.3,53350.3,54056.5,48008.6,42406.9,45007.8,48008.6,54000.7,54999.8,47981.6,41052.0,42736.4,47981.6,55135.8,59074.3
2020-01-02 23:00:00+00:00,47641.0,39888.0,41098.6,33573.5,36178.2,41098.6,46018.9,48623.6,45705.6,40202.7,42166.2,45859.1,49294.7,51032.2,47863.8,42267.7,43280.2,48060.4,50108.7,50562.3,43286.8,42206.6,43224.5,43286.8,47883.8,48149.5,47076.2,39388.9,40767.9,47076.2,55769.1,60905.6
2020-01-03 00:00:00+00:00,46071.0,38475.0,39415.0,31860.4,34475.3,39415.0,44354.7,46969.6,44484.4,39214.9,40831.0,44343.5,47969.2,49897.7,45402.8,41117.7,43094.3,45510.6,48086.0,48350.3,41751.9,37308.0,38486.1,41751.9,50059.4,50813.9,43699.3,37824.2,38705.6,43699.3,50505.6,54421.2
2020-01-03 01:00:00+00:00,45485.0,37791.0,38620.3,31033.9,33659.8,38620.3,43580.8,46206.7,44368.3,39260.9,40891.7,44160.8,47650.7,49282.3,44967.7,39486.1,42990.9,45263.4,47437.8,47795.6,42112.1,32426.4,38465.1,42112.1,42438.2,42814.3,42765.1,35743.7,36983.6,42765.1,53059.4,60633.5
2020-01-03 02:00:00+00:00,45301.0,37799.0,38637.2,31020.9,33657.2,38637.2,43617.3,46253.6,45202.1,39944.2,41685.7,45112.8,48649.9,50532.7,45106.0,39462.8,43192.7,45328.7,47841.7,47929.1,40167.5,37959.9,39074.8,40167.5,41667.6,45126.2,43785.5,37611.5,37881.6,43785.5,51691.8,56276.1
2020-01-03 03:00:00+00:00,46070.0,38745.0,39642.7,31999.8,34645.2,39642.7,44640.1,47285.6,47275.2,41526.2,43712.3,47215.6,50936.9,52698.2,45665.1,41637.3,43448.5,46262.8,48651.5,48680.9,40315.5,31746.1,33668.6,40315.5,40909.6,51087.3,43267.9,37403.8,38361.5,43267.9,49917.9,53802.6
2020-01-03 04:00:00+00:00,47894.0,39944.0,41847.9,34181.6,36835.2,41847.9,46860.6,49514.2,51699.3,46381.3,48082.3,51840.3,55320.8,57452.7,47583.8,43245.2,44323.6,47959.7,49822.9,50516.3,42692.1,32987.3,34858.7,42692.1,44006.9,50444.5,46220.2,38098.7,40001.1,46220.2,55625.8,61526.1
2020-01-03 05:00:00+00:00,51787.0,42398.0,45955.4,38268.5,40929.2,45955.4,50981.7,53642.4,56833.8,51498.0,53379.5,56660.9,60403.6,62341.5,52670.7,46623.9,46788.4,53561.1,55234.8,55819.2,44799.6,36497.2,37949.6,44799.6,49467.3,52970.2,48238.9,40103.1,41949.8,48238.9,57123.5,62356.3
2020-01-03 06:00:00+00:00,55935.0,46574.0,50075.8,42370.1,45037.3,50075.8,55114.2,57781.5,60835.9,55329.4,57141.1,60788.3,64346.5,66417.8,58557.8,52679.9,54959.4,58212.3,60309.4,60386.9,45811.5,36425.0,39923.1,45811.5,52155.0,55839.1,52620.0,39199.6,43494.0,52620.0,67857.5,74885.4
2020-01-03 07:00:00+00:00,59496.0,50036.0,52552.5,44829.4,47502.7,52552.5,57602.3,60275.6,62932.9,57108.8,59409.5,62834.6,66373.9,68047.2,63720.6,57752.5,58720.8,62364.7,64289.4,64296.0,50697.0,44119.8,45882.9,50697.0,53350.3,58661.1,58522.8,44469.5,48897.4,58522.8,70243.8,75325.3
2020-01-03 08:00:00+00:00,60888.0,52587.0,54111.8,46372.3,49051.2,54111.8,59172.4,61851.4,64350.7,58602.4,60817.7,64503.5,68078.9,69589.7,63573.2,58908.8,60333.9,63978.6,65650.6,66016.1,50629.5,39205.6,46542.8,50629.5,58223.2,61716.1,58344.5,42740.7,49869.0,58344.5,71615.9,80614.5
2020-01-03 09:00:00+00:00,61751.0,54000.0,55122.8,47367.3,50051.8,55122.8,60193.9,62878.4,65526.6,59971.7,62117.3,65672.7,69189.1,71033.0,63993.9,59817.6,61259.2,64616.1,66373.1,67313.2,55155.5,47773.2,50789.7,55155.5,57884.2,62823.3,61449.6,45225.5,52423.0,61449.6,73153.9,76695.6
2020-01-03 10:00:00+00:00,63204.0,54759.0,55877.9,48106.7,50796.6,55877.9,60959.2,63649.1,65452.6,59912.6,61740.5,65408.4,68947.1,71029.3,65113.3,60281.0,62181.2,65398.5,67182.4,68577.9,57942.0,44735.4,51871.8,57942.0,62457.2,64230.0,62537.8,44143.5,53253.6,62537.8,74927.3,79607.7
2020-01-03 11:00:00+00:00,63230.0,55273.0,55615.5,47828.8,50524.0,55615.5,60706.9,63402.2,64341.5,59127.8,60706.5,64488.6,68037.6,69687.3,66167.6,61367.0,63232.0,65557.9,67351.2,69303.1,56980.0,51218.8,53236.7,56980.0,61164.4,62187.5,64589.3,47176.6,55585.2,64589.3,74757.4,78153.0
2020-01-03 12:00:00+00:00,61575.0,54667.0,54483.6,46681.5,49382.0,54483.6,59585.1,62285.7,62822.5,57687.5,59509.4,62706.0,66341.0,68046.1,65260.3,60621.8,62985.5,65016.6,66785.3,67726.4,58082.5,47290.2,50031.3,58082.5,63054.8,66125.6,62001.0,45866.0,53393.1,62001.0,73115.4,76364.9
2020-01-03 13:00:00+00:00,60449.0,53887.0,53352.5,45535.0,48240.9,53352.5,58464.2,61170.1,61415.6,55937.6,57806.3,61495.0,65017.0,66877.8,63904.8,60157.4,62125.5,63705.5,64860.3,66122.6,55700.5,45196.9,49936.5,55700.5,60896.9,63406.7,63223.1,47690.1,55954.0,63223.1,71388.1,75093.1
2020-01-03 14:00:00+00:00,59983.0,53753.0,52940.5,45107.6,47818.8,52940.5,58062.2,60773.4,60232.9,54624.3,56441.5,60188.0,63576.1,65440.8,63414.1,60320.1,62198.5,64363.9,64851.0,65880.1,53545.5,46032.8,49818.8,53545.5,58586.1,66778.3,61535.7,46715.8,52848.0,61535.7,73018.8,77527.1
2020-01-03 15:00:00+00:00,60757.0,55131.0,54253.0,46404.7,49121.3,54253.0,59384.8,62101.4,60040.2,54549.8,56484.3,60006.1,63358.8,65512.0,64735.8,60791.9,63341.8,64736.4,65731.1,66930.8,55975.0,48128.2,48629.7,55975.0,58615.3,61133.3,61868.0,46073.9,52684.6,61868.0,74100.6,79007.6
2020-01-03 16:00:00+00:00,62491.0,57337.0,56480.0,48616.3,51338.2,56480.0,61621.8,64343.7,60829.4,55561.6,57130.0,60775.5,64314.4,65825.7,66240.6,61953.2,64923.3,66163.9,66755.4,68806.2,56746.1,46848.6,49641.5,56746.1,60081.6,66605.2,63126.5,47861.7,54700.6,63126.5,73926.4,77986.1
2020-01-03 17:00:00+00:00,62157.0,56762.0,56295.4,48416.3,51143.5,56295.4,61447.2,64174.4,60869.4,55358.9,57130.2,60886.8,64523.1,66139.6,65934.6,62153.1,64554.0,65731.9,67458.7,68310.2,56017.8,49421.0,54015.1,56017.8,57582.5,62677.4,62881.4,48176.3,54848.0,62881.4,72827.6,76592.9
2020-01-03 18:00:00+00:00,60931.0,55187.0,54460.2,46565.7,49298.3,54460.2,59622.1,62354.6,59169.3,53419.5,55328.8,59047.8,62697.1,64268.9,65065.5,61484.7,63530.5,64736.9,66257.4,66292.8,56117.3,47754.1,52437.4,56117.3,59305.1,65318.2,61197.8,47088.9,53171.5,61197.8,71230.0,74810.9
2020-01-03 19:00:00+00:00,56910.0,51828.0,51214.4,43304.6,46042.5,51214.4,56386.3,59124.2,56169.4,50981.3,52889.8,56343.1,59939.0,61626.4,61917.5,58348.7,59802.9,61138.3,61404.2,62679.9,56825.3,48972.2,49881.8,56825.3,64052.3,64498.6,61487.7,46434.1,53441.1,61487.7,71322.7,75990.3
2020-01-03 20:00:00+00:00,53806.0,49501.0,48567.4,40642.3,43385.5,48567.4,53749.4,56492.5,53151.3,47984.3,49413.4,53118.2,56795.6,58425.9,59722.4,55703.9,57866.2,58053.4,59701.2,60748.4,55600.6,48011.0,50550.6,55600.6,56536.0,59996.5,59072.8,46851.3,52085.3,59072.8,68552.3,73175.8
2020-01-03 21:00:00+00:00,52540.0,48037.0,46519.8,38579.4,41327.8,46519.8,51711.7,54460.1,49764.0,44096.8,45924.9,49477.5,53123.8,54920.4,57920.9,53419.2,55799.3,56418.6,58168.1,59027.5,50940.7,46316.5,48488.9,50940.7,58853.9,61234.9,54187.2,44079.2,47540.8,54187.2,64585.8,71554.2
2020-01-03 22:00:00+00:00,49359.0,45266.0,43204.5,35248.8,38002.5,43204.5,48406.4,51160.1,46064.1,40306.5,42533.2,46052.5,49578.7,51606.7,53784.5,48989.1,52552.3,53584.4,54294.1,55214.8,48501.8,45508.1,48129.2,48501.8,51430.9,57044.8,51588.9,43074.5,45755.7,51588.9,59183.7,64414.3
2020-01-03 23:00:00+00:00,46773.0,42462.0,32376.8,24405.9,27164.9,32376.8,37588.7,40347.7,43250.6,37851.1,39706.7,43165.6,46681.2,48591.6,49199.7,45186.3,46253.1,48553.3,50464.8,51113.0,44125.7,39723.3,43459.5,44125.7,50960.9,56670.9,49135.6,39540.7,42440.3,49135.6,59312.3,65118.8
2020-01-04 00:00:00+00:00,45003.0,40814.0,30660.6,22664.6,25432.3,30660.6,35888.9,38656.6,41313.2,35739.1,37388.1,41148.0,44703.9,46869.3,47170.3,43911.0,45364.2,47422.0,48810.6,49452.3,44568.7,36163.7,38943.9,44568.7,46953.4,51612.5,45369.5,38926.3,40334.5,45369.5,53241.5,57458.5
2020-01-04 01:00:00+00:00,44345.0,40342.0,29884.6,21862.2,24639.0,29884.6,35130.2,37907.0,40303.4,34357.2,36612.6,40487.7,44102.4,46012.1,46799.8,43206.9,45155.3,46557.4,47720.7,48099.9,42245.7,34549.2,40441.9,42245.7,44478.9,48894.3,44923.0,37324.1,39358.2,44923.0,54229.9,60903.9
2020-01-04 02:00:00+00:00,43801.0,40202.0,29941.3,21893.6,24679.2,29941.3,35203.4,37989.0,40090.3,34471.5,36778.6,40052.1,43737.3,45620.3,46400.8,43010.7,45173.6,46564.0,47476.4,47614.8,41935.7,34446.8,38149.6,41935.7,43844.2,49838.5,44932.7,37193.0,39702.7,44932.7,53193.5,58013.7
2020-01-04 03:00:00+00:00,44501.0,40883.0,30990.3,22919.4,25713.0,30990.3,36267.5,39061.2,41005.1,35696.4,37678.9,41007.2,44432.3,45808.9,46926.8,44146.8,45620.7,46938.5,47870.4,48524.7,40884.0,34786.2,36467.1,40884.0,46491.7,50319.7,44308.0,37984.1,38735.5,44308.0,51498.5,55686.9
2020-01-04 04:00:00+00:00,45049.0,41089.0,33237.5,25145.5,27946.4,33237.5,38528.6,41329.5,44215.4,38991.9,40779.8,44311.2,47693.5,49388.6,47458.0,44539.6,46189.8,47342.9,48296.5,48831.6,40987.9,34401.9,39058.6,40987.9,49410.0,56232.0,46185.4,38746.2,40250.0,46185.4,55052.2,59822.7
2020-01-04 05:00:00+00:00,46138.0,41373.0,37387.0,29275.7,32083.3,37387.0,42690.7,45498.4,48147.7,42439.1,44595.0,47956.9,51400.4,53210.6,49809.3,45471.7,47193.7,48858.4,50020.2,51066.8,47666.9,39167.7,42394.9,47666.9,53472.0,53524.2,48919.3,39933.5,42655.8,48919.3,58370.0,63741.0
2020-01-04 06:00:00+00:00,48876.0,43751.0,41533.4,33404.0,36217.8,41533.4,46848.9,49662.8,51030.9,45678.5,47375.2,50947.4,54610.6,56273.0,52533.6,47298.8,48875.6,51573.9,52723.7,55326.0,50384.8,40544.4,47239.1,50384.8,56021.5,59766.3,51360.1,40047.8,43456.9,51360.1,65359.9,73815.6
2020-01-04 07:00:00+00:00,51876.0,46965.0,44023.2,35876.7,38696.5,44023.2,49349.9,52169.7,52162.9,46416.6,48461.3,52117.1,55990.8,57861.1,57299.0,51582.8,53220.8,55940.5,57730.7,58990.2,58868.1,46953.2,53126.8,58868.1,60020.2,62475.0,57154.4,44141.4,48093.6,57154.4,69207.3,73786.8
2020-01-04 08:00:00+00:00,55337.0,50213.0,45587.4,37424.3,40249.9,45587.4,50924.9,53750.5,52832.6,47630.6,49462.7,52867.4,56531.2,58100.9,59013.4,53638.8,54708.1,58190.0,58249.0,59181.1,57782.9,47288.3,53300.1,57782.9,62896.2,63916.4,57768.0,43103.0,48900.6,57768.0,71020.6,78411.0
2020-01-04 09:00:00+00:00,57584.0,50682.0,46601.6,38422.4,41253.5,46601.6,51949.7,54780.8,53526.3,48036.5,50063.9,53461.6,57057.7,58930.4,61162.0,55273.8,56561.4,59553.9,61030.7,62016.7,61075.0,50700.4,51285.4,61075.0,63195.9,64355.9,62360.4,46001.7,53371.3,62360.4,73147.2,76654.5
2020-01-04 10:00:00+00:00,59443.0,51465.0,47357.9,39162.7,41999.3,47357.9,52716.4,55553.0,53266.2,47640.2,49614.6,53363.2,57100.0,58736.2,61633.2,55765.7,56983.6,60470.6,63705.3,63837.7,61688.8,51164.4,59286.0,61688.8,65453.4,66899.2,63254.2,47514.7,54385.3,63254.2,74796.3,76909.1
2020-01-04 11:00:00+00:00,59873.0,51386.0,47094.2,38883.2,41725.3,47094.2,52463.1,55305.2,52273.6,46916.4,48657.6,52302.4,55751.3,57742.5,61495.1,55568.1,56871.8,60044.0,63893.8,64277.5,63655.0,48326.5,53028.1,63655.0,68431.0,68952.4,63312.6,46462.6,54498.4,63312.6,74164.5,76459.8
2020-01-04 12:00:00+00:00,58499.0,50320.0,45964.4,37737.7,40585.2,45964.4,51343.6,54191.2,51162.9,45439.4,47574.2,51094.7,54767.6,56324.9,60988.0,54898.4,56977.3,59470.9,61965.7,62459.2,60602.5,51561.3,54415.3,60602.5,66504.7,70174.8,62657.4,46612.7,54304.1,62657.4,73544.5,76310.1
2020-01-04 13:00:00+00:00,57624.0,49026.0,44833.2,36590.7,39443.7,44833.2,50222.7,53075.7,50416.9,44990.5,46854.0,50405.0,53851.6,55963.2,60135.0,54348.0,55767.9,58210.3,59090.6,60554.2,60786.8,54757.6,58297.5,60786.8,65114.3,65681.3,59536.2,46431.6,52502.5,59536.2,69578.7,73813.0
2020-01-04 14:00:00+00:00,56651.0,49858.0,44419.6,36161.4,39019.8,44419.6,49819.3,52677.8,50091.7,44591.1,46419.3,50092.4,53537.5,55173.6,60064.4,54803.0,56010.0,58338.6,58891.7,60682.3,63307.4,51344.3,55957.6,63307.4,64253.1,65672.2,61849.0,46921.2,53412.6,61849.0,73302.1,76753.3
2020-01-04 15:00:00+00:00,58144.0,52455.0,45729.9,37456.0,40319.9,45729.9,51140.0,54003.9,50883.5,45589.7,47242.5,51051.5,54664.5,56421.8,60878.4,55773.6,57098.7,59048.7,60959.1,61475.3,61785.5,52062.6,56028.9,61785.5,66594.4,70836.6,60063.8,47219.1,51837.6,60063.8,72534.9,77402.1
2020-01-04 16:00:00+00:00,60436.0,55652.0,47956.6,39667.0,42536.3,47956.6,53376.9,56246.2,52707.1,47511.1,48817.0,52663.3,56199.0,58190.1,61733.3,58468.3,60043.9,62040.8,63273.0,63430.4,63146.9,50094.0,54489.1,63146.9,65010.0,66226.3,60358.0,47039.9,52124.3,60358.0,72201.8,76595.9
2020-01-04 17:00:00+00:00,59971.0,55695.0,47773.7,39468.4,42343.2,47773.7,53204.2,56079.0,53754.2,48099.2,50047.0,53887.3,57498.9,59348.2,61710.7,58435.0,59982.5,61270.8,63137.6,63587.9,63786.7,51500.7,55012.8,63786.7,65190.3,67841.9,62189.5,47418.6,54135.1,62189.5,72437.5,75336.6
2020-01-04 18:00:00+00:00,58093.0,54137.0,45940.5,37619.5,40499.7,45940.5,51381.3,54261.4,52964.0,47243.5,49101.8,52788.6,56421.7,58244.2,60773.5,57724.2,59344.6,60012.5,61707.1,62020.9,64072.0,49831.9,54016.8,64072.0,67313.1,68061.4,61292.6,48043.5,54275.4,61292.6,69956.5,73050.0
2020-01-04 19:00:00+00:00,54603.0,51244.0,42692.6,34356.1,37241.7,42692.6,48143.6,51029.2,50719.4,45121.1,46761.3,50538.7,53944.9,55985.9,57713.1,53834.2,54751.0,56810.9,58102.8,59261.4,61741.0,49164.6,53575.8,61741.0,61808.4,64750.6,60001.1,48446.3,53942.1,60001.1,67715.1,71931.5
2020-01-04 20:00:00+00:00,52028.0,49084.0,40042.3,31690.1,34581.1,40042.3,45503.5,48394.5,48263.3,42342.6,44653.6,48329.2,51701.4,53459.6,55494.0,51925.6,52793.6,54748.8,55734.0,56032.4,58216.5,49810.6,55199.9,58216.5,62814.4,65618.9,57606.4,47238.9,51274.9,57606.4,66371.1,71423.8
2020-01-04 21:00:00+00:00,50722.0,47918.0,37989.0,29621.2,32517.6,37989.0,43460.4,46356.7,45226.3,39908.2,41692.7,45164.9,48717.2,50389.0,53552.7,50761.0,51574.1,53267.7,54298.6,54510.0,57271.3,47554.8,53305.3,57271.3,60620.3,63210.3,55692.6,45589.8,49094.2,55692.6,66027.8,70729.3
2020-01-04 22:00:00+00:00,47994.0,44642.0,34667.7,26284.4,29186.2,34667.7,40149.3,43051.1,41668.9,36428.6,38256.6,41651.9,45313.3,47200.9,50349.7,46655.2,48095.1,50070.0,50476.1,50818.5,52813.2,46746.7,48334.9,52813.2,57513.0,61798.5,49347.9,41857.5,44461.5,49347.9,57460.1,61759.5
2020-01-04 23:00:00+00:00,44880.0,42135.0,28116.3,19717.4,22624.5,28116.3,33608.0,36515.1,38813.2,33700.9,35473.3,39011.7,42371.8,44001.8,46320.2,42763.5,44655.4,45645.4,46909.4,47429.1,48736.3,42802.9,44835.0,48736.3,53495.8,53922.3,49126.4,41053.9,42611.8,49126.4,59226.6,64018.4
2020-01-05 00:00:00+00:00,42638.0,40202.0,26394.9,17971.6,20887.2,26394.9,31902.6,34818.2,36688.8,31086.4,33044.1,36556.3,40037.0,41876.1,43850.7,40831.5,42326.7,43474.3,44435.7,45182.3,49136.0,41118.1,43703.2,49136.0,49698.8,50739.5,44739.4,38184.8,39951.7,44739.4,51382.5,55205.9
2020-01-05 01:00:00+00:00,41865.0,40075.0,25621.9,17172.9,20097.4,25621.9,31146.4,34070.9,35397.9,29523.6,31775.5,35213.2,38994.4,40946.4,42376.0,39896.6,41600.0,42425.9,43323.2,43675.9,46281.0,42727.8,43291.3,46281.0,48803.2,51756.5,43576.9,37654.4,39435.9,43576.9,50403.9,54819.6
2020-01-05 02:00:00+00:00,40752.0,39498.0,25684.9,17211.3,20144.3,25684.9,31225.4,34158.4,34865.2,29490.4,31353.3,34620.5,38063.5,40159.2,42221.0,39685.3,41138.0,42326.8,43195.2,43339.1,46047.1,38837.5,42648.2,46047.1,47452.2,55240.1,44154.2,36915.1,38574.6,44154.2,53623.0,59106.4
2020-01-05 03:00:00+00:00,40754.0,39325.0,26740.7,18244.4,21185.2,26740.7,32296.1,35237.0,35475.9,29994.3,31851.8,35448.3,39127.2,41163.7,42169.8,39873.4,41542.9,41934.0,43019.9,43208.0,47617.4,36549.8,39967.6,47617.4,47973.8,54132.7,46474.2,39775.0,41153.6,46474.2,53509.2,57017.0
2020-01-05 04:00:00+00:00,40409.0,39090.0,28994.6,20477.4,23425.5,28994.6,34563.6,37511.7,38444.3,33024.3,34791.9,38422.0,42298.3,44538.4,41974.3,39777.9,41528.8,41745.1,42663.1,43233.6,46152.4,38028.3,41837.0,46152.4,49411.7,56961.9,43902.1,37163.5,39101.1,43902.1,52211.6,57851.9
2020-01-05 05:00:00+00:00,39751.0,38272.0,33150.7,24614.2,27569.0,33150.7,38732.4,41687.1,42231.8,37011.6,38727.3,42165.4,45696.7,47509.8,42108.2,39807.7,42296.0,42543.6,42923.4,43701.1,50957.0,45547.5,46663.4,50957.0,58809.0,60504.5,46166.1,37930.3,39826.6,46166.1,58505.8,65587.2
2020-01-05 06:00:00+00:00,41953.0,39156.0,37301.1,28746.6,31707.6,37301.1,42894.6,45855.6,45087.3,39488.2,41375.1,44939.3,48642.5,50116.6,43130.6,40394.8,43027.6,43437.6,44355.5,45339.1,56518.7,47869.1,50063.9,56518.7,60772.3,63641.9,51406.6,41075.2,43518.7,51406.6,64294.4,70316.5
2020-01-05 07:00:00+00:00,43752.0,41759.0,39793.1,31221.3,34188.3,39793.1,45397.8,48364.8,46313.2,41056.4,42626.4,46415.3,50052.8,51878.9,47209.2,43680.7,45777.7,46793.2,47939.0,49499.9,58788.3,47077.2,52879.3,58788.3,65222.4,70299.8,55661.2,43910.3,47349.0,55661.2,69862.5,74950.3
2020-01-05 08:00:00+00:00,47044.0,44765.0,41358.0,32769.5,35742.3,41358.0,46973.7,49946.5,47187.5,41739.6,43623.0,47122.1,50558.4,52599.4,50272.9,46816.6,48751.4,50879.5,50950.1,52155.8,63926.1,52621.9,57497.8,63926.1,69250.6,71030.1,59580.9,44418.7,49671.8,59580.9,73908.5,78713.3
2020-01-05 09:00:00+00:00,50397.0,46032.0,42372.7,33767.9,36746.3,42372.7,47999.1,50977.6,48174.5,42520.8,44570.5,48333.1,51871.9,53617.7,53232.8,49340.8,51368.7,53629.9,53752.8,53805.4,65752.1,55155.6,62258.6,65752.1,67074.7,73401.8,59630.7,45970.6,51101.5,59630.7,73057.3,77498.2
2020-01-05 10:00:00+00:00,52744.0,48260.0,43129.2,34508.2,37492.2,43129.2,48766.1,51750.2,48267.7,42932.4,44863.9,48347.3,51901.0,53585.9,55536.0,51252.9,53313.9,55316.6,55809.3,56874.6,66797.9,55753.0,60276.7,66797.9,69739.0,73210.9,60811.0,45686.0,51524.8,60811.0,74668.6,77668.3
2020-01-05 11:00:00+00:00,52825.0,49349.0,42865.3,34228.3,37217.9,42865.3,48512.8,51502.4,47657.3,42232.5,44144.3,47850.6,51433.2,53377.3,55833.5,51908.0,53751.4,55212.2,56269.0,56563.3,69478.9,56054.0,56094.5,69478.9,74778.1,75624.8,60201.7,45285.9,50866.1,60201.7,73631.8,77843.1
2020-01-05 12:00:00+00:00,51568.0,47541.0,41735.9,33082.9,36078.0,41735.9,47393.8,50388.9,46930.5,41205.8,43243.3,46859.5,50423.3,52466.9,55388.0,50254.1,52740.6,54604.6,55048.1,55880.6,69039.0,53334.8,58645.3,69039.0,70019.7,74243.5,58443.0,44655.1,49892.3,58443.0,74350.8,80602.8
2020-01-05 13:00:00+00:00,50470.0,46312.0,40604.6,31935.7,34936.3,40604.6,46273.0,49273.6,46551.6,41075.9,43132.9,46565.9,50240.7,51976.7,55337.9,49851.0,52894.7,54182.5,54816.7,55486.9,64939.7,53505.9,60691.0,64939.7,70970.5,71724.1,59433.6,46753.4,51691.0,59433.6,70459.4,73430.8
2020-01-05 14:00:00+00:00,50177.0,46671.0,40190.8,31505.8,34512.0,40190.8,45869.5,48875.7,46570.4,41016.7,42946.1,46590.1,50353.4,51900.7,54722.1,50189.3,51945.2,53706.5,54621.2,55020.2,67587.8,56388.2,57639.0,67587.8,69200.0,72601.9,59809.4,46705.5,51469.7,59809.4,72416.8,76678.0
2020-01-05 15:00:00+00:00,51651.0,49244.0,41500.8,32799.9,35811.6,41500.8,47190.0,50201.7,47690.8,41845.7,43977.7,47777.3,51304.9,53081.0,55648.2,51254.4,53146.3,54814.2,55364.9,56018.1,67675.1,54559.6,59338.6,67675.1,69277.0,75059.4,59975.3,47219.6,51712.3,59975.3,71767.4,75544.5
2020-01-05 16:00:00+00:00,55601.0,52332.0,43727.4,35010.7,38027.8,43727.4,49427.0,52444.2,49849.7,44239.9,46251.5,49848.2,53278.7,55149.4,59000.3,54867.7,56127.3,57422.7,58740.6,59017.2,65457.6,55401.9,55415.8,65457.6,70421.4,73092.0,60903.4,46787.6,52012.9,60903.4,74158.9,77649.5
2020-01-05 17:00:00+00:00,56412.0,52958.0,43544.8,34812.1,37834.8,43544.8,49254.8,52277.5,51273.5,45849.9,47665.5,51160.5,54532.0,56569.2,60168.1,56131.1,57314.3,58445.2,59941.6,59963.8,63259.8,48758.7,57480.5,63259.8,68409.3,69166.9,60872.7,45700.9,52793.4,60872.7,73126.5,79470.8
2020-01-05 18:00:00+00:00,54808.0,51943.0,41711.9,32963.3,35991.5,41711.9,47432.3,50460.5,50944.3,45537.3,47423.5,50991.4,54569.9,56444.3,58875.6,54874.4,55857.7,57762.9,59105.2,59109.1,63704.6,53287.4,57136.1,63704.6,69498.1,70091.4,58996.6,47872.0,52248.9,58996.6,69230.6,73023.4
2020-01-05 19:00:00+00:00,52478.0,49806.0,38463.7,29699.3,32733.0,38463.7,44194.5,47228.2,49291.4,44116.3,45762.9,49270.4,52997.8,54994.8,56382.0,52781.3,53663.8,55866.0,55925.2,56304.0,63994.7,51982.0,57297.6,63994.7,65043.2,65054.3,58912.1,47400.6,51236.3,58912.1,70196.8,73940.7
2020-01-05 20:00:00+00:00,50972.0,48362.0,35812.9,27032.6,30071.8,35812.9,41554.0,44593.1,47600.9,42254.5,43949.7,47557.2,51346.0,53369.9,54794.8,51509.7,52495.2,54017.9,54582.3,55052.5,62349.6,54926.3,59661.2,62349.6,67087.8,67459.2,58486.3,46610.4,50566.5,58486.3,69034.8,73842.1
2020-01-05 21:00:00+00:00,50438.0,47950.0,33758.6,24962.6,28007.2,33758.6,39510.1,42554.7,45538.7,40115.6,42061.4,45434.8,49121.2,51314.1,54344.0,50361.3,51443.7,53975.6,53985.3,54098.2,58481.9,52209.9,56523.4,58481.9,59845.2,64181.1,55687.0,45638.6,49112.5,55687.0,66263.3,73202.3
2020-01-05 22:00:00+00:00,47398.0,45146.0,30436.5,21624.6,24674.7,30436.5,36198.2,39248.3,43186.1,37220.2,39626.3,43145.9,46828.5,48669.1,51704.0,46724.3,48884.1,51143.8,51486.2,51636.9,55039.9,50799.9,50993.3,55039.9,60682.3,61569.5,51181.6,43569.1,45389.0,51181.6,60649.3,64937.6
2020-01-05 23:00:00+00:00,45225.0,43026.0,39831.5,31003.9,34059.5,39831.5,45603.6,48659.1,41768.1,36463.2,38334.2,41863.2,45412.2,47809.4,50441.2,44415.4,46058.9,47694.4,50426.6,51326.8,52347.6,46827.3,48491.1,52347.6,55112.8,55754.8,51963.3,41667.4,44984.3,51963.3,64162.1,70343.4
2020-01-06 00:00:00+00:00,43646.0,41138.0,38109.4,29257.4,32321.4,38109.4,43897.4,46961.3,41296.5,35933.5,37871.7,41376.5,45027.4,46731.6,46075.7,43628.2,44186.7,45684.9,46907.2,46981.9,48104.5,43835.8,45533.3,48104.5,54189.1,57535.9,45786.4,39987.5,40466.6,45786.4,55328.3,60767.8
2020-01-06 01:00:00+00:00,42812.0,40026.0,37336.8,28459.3,31532.2,37336.8,43141.5,46214.3,41834.9,35852.0,38257.2,41985.6,45314.8,47224.0,45369.4,42095.7,43850.2,45219.0,46000.7,46179.9,46773.3,36824.9,43401.1,46773.3,50741.8,55884.8,45241.9,39048.8,40179.9,45241.9,52961.6,55214.5
2020-01-06 02:00:00+00:00,43212.0,40194.0,37400.8,28498.8,31580.1,37400.8,43221.5,46302.8,43250.6,37995.3,39895.3,43491.9,46862.5,48535.2,45409.1,42306.7,44007.2,45380.5,46173.4,46597.0,46159.8,41651.5,45092.8,46159.8,52600.6,53200.4,44993.6,39066.0,39927.9,44993.6,54366.0,59084.8
2020-01-06 03:00:00+00:00,44464.0,41114.0,38457.7,29532.9,32622.1,38457.7,44293.3,47382.4,45855.7,40151.5,42259.1,45907.4,49674.4,51360.2,47775.5,44512.8,45629.5,47665.7,48039.3,48067.3,48279.4,40348.4,44655.2,48279.4,51801.7,58241.6,45715.8,39332.8,40943.9,45715.8,54846.8,60374.5
2020-01-06 04:00:00+00:00,47111.0,42845.0,40712.6,31767.0,34863.4,40712.6,46561.9,49658.3,50781.6,45374.8,47129.2,50661.7,54398.3,56130.0,51396.3,47049.9,47104.4,51195.8,51290.5,51624.0,50542.6,41882.8,47183.4,50542.6,52699.5,61292.0,50310.1,41364.8,43709.7,50310.1,61382.3,67511.4
2020-01-06 05:00:00+00:00,51821.0,45099.0,44869.8,35904.7,39007.9,44869.8,50731.7,53834.8,56403.4,50611.3,52871.1,56460.8,59853.9,61734.1,61504.1,52450.0,54026.9,61191.9,61514.7,61944.1,52299.6,44813.5,49982.6,52299.6,59063.4,60498.9,50419.1,42445.8,44237.6,50419.1,61676.6,67285.0
2020-01-06 06:00:00+00:00,57075.0,48828.0,49020.9,40037.6,43147.0,49020.9,54894.7,58004.2,60887.2,55660.6,57551.8,60893.4,64409.8,66325.0,67480.5,59133.1,60718.9,66800.1,67492.4,68097.2,61628.6,49413.8,51522.5,61628.6,65099.1,65464.5,53700.0,43613.9,46442.2,53700.0,65195.5,71438.1
2020-01-06 07:00:00+00:00,59509.0,51706.0,51513.2,42512.4,45627.9,51513.2,57398.4,60513.9,63461.9,58218.9,60036.5,63262.4,66824.5,68719.6,68779.1,61655.5,65510.8,69413.3,69501.8,70366.6,66167.6,47280.6,50342.8,66167.6,68889.6,69957.1,59001.6,44193.2,50353.4,59001.6,72499.8,77182.9
2020-01-06 08:00:00+00:00,61130.0,53959.0,53078.2,44060.6,47181.9,53078.2,58974.5,62095.8,65347.7,59805.9,61714.1,65238.3,68919.1,71072.3,70863.8,63188.2,67387.4,70106.4,70150.8,70883.2,65657.5,52263.0,60578.6,65657.5,70081.7,71345.7,61785.4,47174.5,52684.9,61785.4,73371.1,77615.8
2020-01-06 09:00:00+00:00,62336.0,53475.0,54093.0,45058.9,48185.9,54093.0,60000.2,63127.2,66970.3,61507.1,63466.3,66958.3,70689.2,72452.5,71820.9,63357.8,67492.1,71187.8,71523.7,71971.8,68581.8,53336.1,60122.8,68581.8,71332.1,73538.9,60857.1,45731.0,52662.6,60857.1,75492.1,80012.8
2020-01-06 10:00:00+00:00,63191.0,53629.0,54849.5,45799.0,48931.7,54849.5,60767.3,63900.1,67306.8,61708.2,63809.4,67351.1,71064.1,72877.2,71688.5,63292.0,68065.3,71218.1,71933.3,72096.4,69384.7,51401.9,62553.5,69384.7,73981.0,74115.0,64032.9,47925.2,55858.8,64032.9,76295.6,77888.9
2020-01-06 11:00:00+00:00,63404.0,54139.0,54585.7,45518.9,48657.2,54585.7,60514.1,63652.4,66553.4,61236.0,63226.0,66678.5,70195.3,71930.6,71122.4,64272.2,69098.2,71326.2,71501.8,71983.0,69942.0,51489.0,63391.6,69942.0,72016.6,72400.6,63293.1,47800.7,54822.7,63293.1,75045.3,78276.8
2020-01-06 12:00:00+00:00,62372.0,52653.0,53456.3,44373.3,47517.2,53456.3,59395.3,62539.2,65324.3,60111.2,61951.7,65247.3,68963.1,71020.6,71096.2,63561.8,68417.3,71111.5,71418.3,71927.5,69348.4,57622.9,62557.7,69348.4,73491.0,74932.0,63674.1,48912.5,55133.0,63674.1,75790.5,78238.3
2020-01-06 13:00:00+00:00,61577.0,52431.0,52325.0,43225.8,46375.4,52325.0,58274.6,61424.2,64128.4,58497.2,60512.2,64103.6,67790.5,69584.8,70423.7,63262.4,68066.7,70471.5,70842.3,71827.9,68808.8,54807.7,64745.2,68808.8,68903.5,73216.7,62249.3,47678.5,54113.7,62249.3,74636.6,78174.4
2020-01-06 14:00:00+00:00,61264.0,52719.0,51911.1,42795.8,45950.9,51911.1,57871.3,61026.4,63073.7,57899.6,59909.2,63300.5,67108.3,68874.1,70336.8,63082.3,67979.8,70131.5,71173.7,71551.2,69145.0,53790.7,58682.4,69145.0,70027.1,71832.7,62255.2,46640.2,54983.2,62255.2,73728.9,80740.6
2020-01-06 15:00:00+00:00,62276.0,54457.0,53221.1,44089.6,47250.4,53221.1,59191.8,62352.6,62930.6,57674.4,59299.3,62885.0,66331.5,68245.2,71026.3,63894.2,68286.6,70657.6,71759.0,72031.6,65397.5,55611.1,60079.1,65397.5,68015.4,72368.4,62830.0,45741.8,53883.3,62830.0,76069.8,80636.1
2020-01-06 16:00:00+00:00,66018.0,58272.0,55447.7,46300.1,49466.4,55447.7,61429.0,64595.3,63705.7,58357.6,60180.5,63666.9,67426.4,69455.3,72547.5,65773.3,69280.2,72379.3,72964.2,73000.2,66822.4,48817.7,59326.3,66822.4,71400.9,72725.1,62870.4,47694.5,54726.4,62870.4,74568.6,78555.0
2020-01-06 17:00:00+00:00,66215.0,58564.0,55265.1,46101.4,49273.3,55265.1,61257.0,64428.8,63692.5,58222.4,60091.1,63786.2,67455.6,69114.2,72785.5,65672.6,69500.5,72562.4,73181.5,73399.8,62160.9,51813.5,59557.5,62160.9,69277.9,71209.7,63302.8,49440.1,56020.9,63302.8,73074.7,76412.8
2020-01-06 18:00:00+00:00,64831.0,56927.0,53432.3,44252.5,47429.9,53432.3,59434.6,62612.1,61933.9,55954.2,58456.6,62072.2,65696.6,67520.4,70687.4,64551.7,68934.7,70974.7,72317.7,72614.9,62046.1,56528.3,56964.7,62046.1,65005.0,69978.3,62580.0,48364.1,54255.6,62580.0,73947.0,76645.9
2020-01-06 19:00:00+00:00,61350.0,53959.0,50184.1,40988.2,44171.2,50184.1,56196.9,59380.0,58909.9,53238.0,55278.8,58691.4,62385.9,64400.3,67200.6,62099.2,66219.5,67509.4,69257.6,69464.3,62925.5,50906.6,59803.9,62925.5,68215.8,69945.3,62047.2,47916.0,55149.1,62047.2,70943.7,73645.5
2020-01-06 20:00:00+00:00,58821.0,51937.0,47533.1,38321.2,41509.8,47533.1,53556.5,56745.1,55945.1,50992.8,52605.3,55965.7,59455.7,61279.2,65073.0,59448.6,63226.7,64919.1,66798.3,66922.4,63134.7,50011.9,57805.0,63134.7,67194.7,68525.5,61502.1,46657.3,53779.4,61502.1,73000.5,77493.2
2020-01-06 21:00:00+00:00,56577.0,50574.0,45478.8,36250.8,39444.9,45478.8,51512.6,54706.7,52731.6,47566.9,49192.4,52802.2,56588.0,58443.5,62796.8,56670.7,59987.3,61479.5,64401.3,64960.5,58385.2,52421.5,53581.9,58385.2,59151.0,65152.3,55424.4,46193.2,49013.4,55424.4,64942.7,70192.2
2020-01-06 22:00:00+00:00,52904.0,47382.0,42156.5,32912.5,36112.2,42156.5,48200.8,51400.4,49364.1,43927.3,45770.5,49344.8,52950.1,54522.2,60032.0,53451.7,55994.6,59191.7,60966.7,61614.3,53773.6,48607.6,50435.3,53773.6,58455.0,64793.9,52769.1,43668.1,46011.9,52769.1,62435.9,67164.5
2020-01-06 23:00:00+00:00,50708.0,44018.0,41085.8,31825.9,35031.1,41085.8,47140.5,50345.7,47070.4,41937.3,43538.9,47012.3,50686.8,52420.3,54838.5,48373.6,50805.9,54757.8,56093.5,56144.6,49837.0,45051.8,49694.7,49837.0,54938.3,60940.2,48922.4,42358.0,44494.3,48922.4,56146.4,60461.7
2020-01-07 00:00:00+00:00,49617.0,42023.0,39363.5,30079.3,33292.9,39363.5,45434.2,48647.8,45856.3,40751.8,42359.2,45895.0,49231.4,51205.3,53260.1,47993.8,49464.2,53203.4,53587.0,54256.6,48625.3,47618.7,48173.8,48625.3,56857.3,60055.4,46401.7,38451.7,40315.1,46401.7,56831.2,62987.5
2020-01-07 01:00:00+00:00,48105.0,40856.0,38591.1,29281.2,32503.7,38591.1,44678.4,47900.9,45773.2,40496.1,42104.7,45759.3,49241.1,51097.8,51481.4,47196.8,49038.5,52149.9,52968.7,53226.1,47573.8,40400.7,43153.5,47573.8,53941.6,54310.2,45894.1,38547.5,41162.8,45894.1,53679.0,57776.7
2020-01-07 02:00:00+00:00,48553.0,40388.0,38655.2,29320.8,32551.8,38655.2,44758.6,47989.6,46672.7,40932.3,43065.3,46815.9,50117.1,52006.8,52608.4,47098.9,49263.1,52800.8,53291.7,53307.7,46560.6,35496.2,45088.8,46560.6,52503.7,55568.0,45185.7,38706.9,39220.9,45185.7,54483.3,59045.2
2020-01-07 03:00:00+00:00,50054.0,40835.0,39712.3,30355.1,33593.9,39712.3,45830.6,49069.4,48849.8,43391.6,45032.4,48759.7,52354.5,54161.2,54362.9,48634.4,51547.8,54553.4,54998.7,55207.7,47846.7,42401.2,45701.3,47846.7,52532.4,56141.0,46603.0,39225.4,39941.3,46603.0,57087.6,62589.8
2020-01-07 04:00:00+00:00,53241.0,41447.0,41967.4,32589.2,35835.3,41967.4,48099.4,51345.6,53419.4,48111.0,49945.6,53308.7,57013.4,58931.8,57409.5,51293.5,53858.0,57840.6,58326.1,59763.0,50473.4,41638.9,48798.6,50473.4,57748.6,60500.7,46841.4,39560.0,39810.1,46841.4,57945.0,63351.2
2020-01-07 05:00:00+00:00,60420.0,41596.0,46124.7,36727.0,39979.8,46124.7,52269.5,55522.4,58742.2,53371.6,55578.2,58840.3,62395.1,64546.5,65388.9,57319.6,60675.4,65708.9,66993.5,67067.8,53255.2,47061.4,52352.3,53255.2,60684.8,63079.0,49665.3,41308.1,42614.6,49665.3,61008.4,66431.9
2020-01-07 06:00:00+00:00,66527.0,44124.0,50275.9,40859.8,44119.0,50275.9,56432.8,59692.0,62972.7,57389.6,59478.7,62877.9,66105.1,67847.5,70725.3,61902.9,66878.2,70611.2,72194.5,74196.1,59394.9,46843.3,48888.6,59394.9,64108.4,65865.1,53243.8,43062.8,45057.4,53243.8,66243.9,72154.9
2020-01-07 07:00:00+00:00,69198.0,46802.0,52768.2,43334.5,46599.8,52768.2,58936.6,62202.0,65331.1,59900.7,61635.2,65345.6,68964.4,70879.8,72404.5,64058.4,68347.2,72664.9,73334.9,74112.2,60520.2,50045.0,53429.5,60520.2,66958.0,69829.5,55717.1,44420.6,48755.4,55717.1,67548.4,73837.4
2020-01-07 08:00:00+00:00,69408.0,49456.0,54333.3,44882.5,48153.8,54333.3,60512.9,63784.2,67031.3,61295.8,63439.8,67043.5,70509.0,72310.1,73608.9,65939.9,69352.2,74074.3,74449.8,74590.4,65148.8,47944.5,55115.5,65148.8,69301.0,72303.0,57852.5,42107.0,49345.6,57852.5,72575.2,79710.8
2020-01-07 09:00:00+00:00,69896.0,50937.0,55348.2,45880.5,49157.6,55348.2,61538.7,64815.8,68494.8,63032.7,64819.7,68422.2,71891.2,74015.9,73522.6,65840.9,69873.7,74105.5,74618.6,74725.9,69122.1,53719.5,56737.8,69122.1,72205.6,73244.9,61008.0,46407.3,51551.3,61008.0,75312.6,78911.2
2020-01-07 10:00:00+00:00,70089.0,52026.0,56104.6,46620.5,49903.3,56104.6,62306.0,65588.8,68696.2,63423.7,64971.0,68686.2,72452.9,74283.2,73982.1,66478.0,70101.3,74495.5,74590.2,74678.1,69332.3,55070.4,59049.0,69332.3,71519.6,73409.2,61460.3,47341.6,52727.5,61460.3,75651.1,79022.2
2020-01-07 11:00:00+00:00,69367.0,52394.0,55840.8,46340.1,49628.6,55840.8,62052.9,65341.4,67829.8,62184.0,64176.8,68021.7,71499.4,73537.5,73668.4,66289.9,69847.9,73722.6,74063.1,74397.7,64131.5,52602.6,60707.6,64131.5,71809.6,77061.5,61430.6,46148.3,52874.6,61430.6,74822.1,78641.1
2020-01-07 12:00:00+00:00,69465.0,50637.0,54711.4,45194.3,48488.5,54711.4,60934.3,64228.5,66507.6,61011.0,62931.3,66498.8,70070.0,72177.4,72963.8,65617.5,69627.5,73469.1,73773.1,74370.0,65290.3,53847.9,60581.9,65290.3,70106.4,75185.9,59604.8,44257.2,50090.2,59604.8,76556.7,82598.0
2020-01-07 13:00:00+00:00,68854.0,49459.0,53580.2,44046.7,47346.6,53580.2,59813.7,63113.6,65236.7,59696.9,61571.7,65028.8,68594.8,70389.3,72087.3,65945.7,69462.5,72920.2,73270.1,74180.0,63761.8,56949.3,58202.0,63761.8,70347.9,73231.1,60286.2,46301.3,51224.7,60286.2,74637.5,79511.8
2020-01-07 14:00:00+00:00,68089.0,49378.0,53166.3,43616.5,46922.0,53166.3,59410.5,62716.1,64122.6,58416.7,60390.2,64106.4,67665.4,69620.1,72311.8,65618.7,69299.9,72551.9,73387.8,74160.0,64802.1,53770.1,56821.6,64802.1,71555.4,74377.7,59498.2,47793.2,51571.3,59498.2,71945.4,74978.0
2020-01-07 15:00:00+00:00,68574.0,51219.0,54476.2,44910.1,48221.3,54476.2,60731.2,64042.4,63933.0,58067.5,60513.3,63779.2,67199.4,69444.2,72445.2,65203.1,69198.9,72863.8,73704.1,74107.0,61910.6,53095.8,54898.1,61910.6,72962.3,73080.1,58769.0,46983.0,51003.1,58769.0,71636.3,75699.1
2020-01-07 16:00:00+00:00,70914.0,53428.0,56702.9,47120.4,50437.2,56702.9,62968.5,66285.4,64671.6,59567.0,61198.6,64620.1,68145.1,69846.9,73630.1,66069.0,69610.8,73639.0,74355.4,74550.8,63955.8,52959.4,54295.2,63955.8,70818.3,74474.2,62466.4,45785.6,54631.3,62466.4,74688.7,78740.2
2020-01-07 17:00:00+00:00,70678.0,52637.0,56520.3,46921.5,50244.0,56520.3,62796.6,66119.1,64629.5,59230.5,61062.0,64528.4,68171.3,69945.2,73541.8,66618.9,69793.3,73702.6,74385.6,74541.3,64125.3,52119.0,52873.3,64125.3,70725.7,73097.8,61429.3,44936.1,52304.3,61429.3,75040.2,80407.5
2020-01-07 18:00:00+00:00,68990.0,50151.0,54687.5,45072.3,48400.5,54687.5,60974.5,64302.6,62847.7,57146.4,59235.6,62748.8,66569.2,68014.6,72470.1,65636.9,68494.4,73054.9,73327.4,73792.0,64192.1,53565.7,55764.3,64192.1,70642.2,73365.0,58666.7,47173.6,51397.0,58666.7,70114.4,73336.1
2020-01-07 19:00:00+00:00,65235.0,47493.0,51439.3,41807.8,45141.6,51439.3,57736.9,61070.7,59804.2,54625.0,56466.9,60050.6,63865.1,66044.5,69105.9,62145.1,66784.5,69579.7,70838.5,71536.4,63939.4,51708.5,55688.4,63939.4,66654.6,67083.1,57842.0,46660.7,50317.6,57842.0,68880.5,73975.2
2020-01-07 20:00:00+00:00,61997.0,45842.0,48788.3,39140.6,42480.0,48788.3,55096.6,58436.0,56822.8,51301.7,52977.0,56667.9,60082.6,62130.3,66191.8,59945.1,64624.7,67027.3,68122.7,68298.5,57928.2,48502.0,51611.6,57928.2,66634.6,71140.7,54478.4,46398.5,48640.0,54478.4,64903.3,70190.1
2020-01-07 21:00:00+00:00,59030.0,45501.0,46733.9,37070.0,40415.0,46733.9,53052.8,56397.8,53595.0,48593.9,50311.0,53836.5,57142.4,59315.5,64089.0,57898.2,61751.4,64076.5,64693.8,65748.3,56766.2,48770.5,53163.0,56766.2,62145.1,64287.4,52073.0,44357.5,46458.0,52073.0,60898.9,66492.3
2020-01-07 22:00:00+00:00,55343.0,43969.0,43411.6,33731.5,37082.1,43411.6,49741.1,53091.7,50215.8,44562.8,46706.3,50160.3,53818.7,55641.9,60948.8,53707.6,56069.0,61641.5,61867.6,61950.1,53948.6,45410.8,49743.0,53948.6,58845.2,60012.5,49577.2,42381.6,43658.9,49577.2,58825.7,63415.1
2020-01-07 23:00:00+00:00,52694.0,42335.0,40975.9,31279.6,34635.9,40975.9,47316.0,50672.3,47912.9,42645.3,44441.0,47887.1,51436.1,53280.1,56969.6,50487.3,51933.0,55969.5,56684.3,57361.5,51510.6,44456.8,44714.4,51510.6,59920.2,60647.2,46481.0,40629.3,41333.5,46481.0,55405.3,59980.9
