timestamp,forecast,lower_80,upper_80,lower_95,upper_95,q10,q50,q90
2020-01-01 00:00:00,33757.64693233649,29307.08958563997,37767.2535622424,26870.086725019217,39986.529948650685,29307.08958563997,33533.245343722665,37767.2535622424
2020-01-01 01:00:00,32997.62885708247,28624.186777787196,36947.599652729616,26510.55726785782,39383.235542665134,28624.186777787196,32585.146943979085,36947.599652729616
2020-01-01 02:00:00,33736.938728825786,29077.98350735475,38055.4692550912,27385.01662009759,39816.70918279339,29077.98350735475,33883.17189089722,38055.4692550912
2020-01-01 03:00:00,36324.922824738605,31778.24794475974,40923.74967634664,29324.97608647664,43072.29908439065,31778.24794475974,36445.95814802694,40923.74967634664
2020-01-01 04:00:00,40383.782680913995,35804.826145898995,44683.33751822396,33887.82797146341,47251.27116795554,35804.826145898995,40182.6220779174,44683.33751822396
2020-01-01 05:00:00,44887.49903131444,40524.39535702975,49075.315196042844,38611.038052381366,50490.531790639645,40524.39535702975,45091.98738159363,49075.315196042844
2020-01-01 06:00:00,48754.1583599087,45089.48039763102,53184.93713230481,42591.27064553455,55378.53009132698,45089.48039763102,48768.46057673427,53184.93713230481
2020-01-01 07:00:00,51436.205782036326,47271.1373281901,56202.592054214816,44980.29535006243,58419.51255259966,47271.1373281901,51569.34680596538,56202.592054214816
2020-01-01 08:00:00,53016.68569352513,48759.32252828059,57253.820818361906,46658.34447495727,59073.53049957082,48759.32252828059,52837.52762103353,57253.820818361906
2020-01-01 09:00:00,53813.94409125388,49771.47863679004,58822.4422703114,46670.73963769224,61040.51601073658,49771.47863679004,54225.851182533515,58822.4422703114
2020-01-01 10:00:00,53960.226220514814,49348.78059583924,58344.33607181367,47802.82772335699,60090.0478641145,49348.78059583924,53871.683179953456,58344.33607181367
2020-01-01 11:00:00,53390.5330592984,48879.32347835968,57040.14070154172,46907.88866317591,59736.58768617797,48879.32347835968,53491.23405158841,57040.14070154172
2020-01-01 12:00:00,52201.21461174406,47261.2794932037,56806.79893095892,44582.99672665161,58781.120351618396,47261.2794932037,52400.858648123096,56806.79893095892
2020-01-01 13:00:00,50913.54002460975,46869.8859489588,55048.21067387431,44150.74528555648,57514.806429251425,46869.8859489588,50903.258192291556,55048.21067387431
2020-01-01 14:00:00,50252.34340492599,46180.24029496467,54543.42622450903,43750.22796526349,57117.023743944155,46180.24029496467,50311.00492585693,54543.42622450903
2020-01-01 15:00:00,50559.190516091585,45929.06325332425,54615.87779856716,44518.07216331562,57614.23396162258,45929.06325332425,50436.96419213375,54615.87779856716
2020-01-01 16:00:00,51386.46679003316,47129.28526534929,55747.29606802268,44497.20989872873,57248.105558452524,47129.28526534929,51277.478107594485,55747.29606802268
2020-01-01 17:00:00,51713.414105056014,47243.35907682337,56338.47394535831,45304.934279515386,58841.388581326304,47243.35907682337,51603.41243788395,56338.47394535831
2020-01-01 18:00:00,50664.07685021316,46831.10253826189,55143.39689271444,43825.52301447791,57432.26726580637,46831.10253826189,50995.23580521737,55143.39689271444
2020-01-01 19:00:00,48129.33361806478,43448.755230639385,52444.32260810346,40573.130881310135,55175.76729355921,43448.755230639385,48034.11154304396,52444.32260810346
2020-01-01 20:00:00,44772.087746015924,40562.97542128635,48637.794612383295,38378.71041147021,50877.74987605503,40562.97542128635,44705.89610038813,48637.794612383295
2020-01-01 21:00:00,41460.148885959396,37228.95952890056,45982.177676392705,34670.345622760666,47925.518027306534,37228.95952890056,41325.5788414775,45982.177676392705
2020-01-01 22:00:00,38681.47492236589,34038.32412686858,43259.74758401903,32320.348778765718,45835.94329304671,34038.32412686858,38816.939057512056,43259.74758401903
2020-01-01 23:00:00,36463.0550508462,32328.353260275268,40770.36566183475,30004.45113763948,43294.475188827295,32328.353260275268,36566.947618238424,40770.36566183475
2020-01-02 00:00:00,45305.23047467999,40780.179837127034,49700.10399311222,38041.80615186391,52153.82148102637,40780.179837127034,45018.68073680982,49700.10399311222
2020-01-02 01:00:00,44502.713510984984,40480.14488707051,49036.64285711208,38295.460803659844,51141.58298551534,40480.14488707051,44407.645298612246,49036.64285711208
2020-01-02 02:00:00,45186.248986727514,40808.81496324773,50009.67564707944,38562.11428167869,52242.59052063832,40808.81496324773,45118.78114538171,50009.67564707944
2020-01-02 03:00:00,47706.5420371294,43243.81301447562,51807.273215998306,40493.410877924354,54187.609932600004,43243.81301447562,47389.128165480324,51807.273215998306
2020-01-02 04:00:00,51687.31094314056,47221.592317768525,56818.196781400155,44902.663208285674,58677.17420840607,47221.592317768525,51944.79649049224,56818.196781400155
2020-01-02 05:00:00,56104.178894746896,51449.92622763237,60204.86905599545,49545.82691041942,62333.90075916526,51449.92622763237,56179.700888761174,60204.86905599545
2020-01-02 06:00:00,59876.96684220363,55482.178080313664,64540.85566236136,53411.05962525133,66455.70490865146,55482.178080313664,60102.286036227844,64540.85566236136
2020-01-02 07:00:00,62459.911657866156,57993.04800138182,66761.0744628122,55605.19253424889,69196.04277041943,57993.04800138182,62437.04697919052,66761.0744628122
2020-01-02 08:00:00,63937.87157639603,59689.91062660922,67860.2520955109,57702.85958927756,70077.70663064656,59689.91062660922,64062.69730437595,67860.2520955109
2020-01-02 09:00:00,64630.99333642979,59920.09569186269,68717.52342491936,57639.75517495122,70718.95936486554,59920.09569186269,64616.94674618266,68717.52342491936
2020-01-02 10:00:00,64673.27520767178,60421.184710997564,68717.83736732864,58041.95200992219,70812.80009278869,60421.184710997564,64547.83356948444,68717.83736732864
2020-01-02 11:00:00,64001.38992871061,59604.09477521324,68292.26993476815,57206.524024877064,70426.95252912896,59604.09477521324,64018.442122267195,68292.26993476815
2020-01-02 12:00:00,62713.2460255615,58557.697751768144,67192.68977383214,56311.53118562378,69570.3758398826,58557.697751768144,62803.94451567417,67192.68977383214
2020-01-02 13:00:00,61331.528001914034,57558.07376436334,65415.61287265041,55842.613858967234,67285.95638668687,57558.07376436334,61426.409586057736,65415.61287265041
2020-01-02 14:00:00,60582.31472567047,56044.46121177551,64827.23722515744,53789.03228817104,67840.330499172,56044.46121177551,60366.95012523451,64827.23722515744
2020-01-02 15:00:00,60808.2215993286,56221.28295999223,65016.008663478715,53809.95956669025,66892.21183578811,56221.28295999223,60865.653137243855,65016.008663478715
2020-01-02 16:00:00,61562.46732381218,57142.060874047085,65752.44668777879,55401.257097263355,68293.41965256582,57142.060874047085,61493.69786611345,65752.44668777879
2020-01-02 17:00:00,61824.89302784549,57489.19204658909,66200.4087075303,55374.59561336019,68704.90399410434,57489.19204658909,61563.40185585363,66200.4087075303
2020-01-02 18:00:00,60719.89455835652,56593.36992120514,65726.96490480474,54497.79598985836,67688.38552689132,56593.36992120514,61015.028678132025,65726.96490480474
2020-01-02 19:00:00,58138.444493075374,53714.20406538192,62611.84590246858,51567.43091253919,64341.348229374,53714.20406538192,58085.57978855173,62611.84590246858
2020-01-02 20:00:00,54743.27725796808,50483.5724911681,58767.19609974776,48075.38926335211,60929.70345793391,50483.5724911681,54413.80999815616,58767.19609974776
2020-01-02 21:00:00,51401.769632784795,47102.13263648703,55938.78133956136,44381.45848133933,57991.665310124605,47102.13263648703,51554.29864078193,55938.78133956136
2020-01-02 22:00:00,48601.18600413732,44512.74515708382,53124.487899631145,42106.91415619799,56174.899046519015,44512.74515708382,48688.608714523005,53124.487899631145
2020-01-02 23:00:00,46367.569161320294,42000.39678121945,50590.1293131554,39687.890477314955,53156.043595127754,42000.39678121945,46471.399107295896,50590.1293131554
2020-01-03 00:00:00,44679.34372277114,40315.789147881136,49325.99151981166,38725.87283265531,51921.527932955185,40315.789147881136,44771.49326138466,49325.99151981166
2020-01-03 01:00:00,43871.26856680603,39472.97590550633,48302.18163216965,37532.25723552906,50438.94446655835,39472.97590550633,43861.739723365914,48302.18163216965
2020-01-03 02:00:00,44551.74263129138,40461.17548268854,48453.80586318111,38061.05065723352,50810.26694188632,40461.17548268854,44590.01594937731,48453.80586318111
2020-01-03 03:00:00,47069.67369294753,42820.23205065322,51193.09405542129,40650.8548568569,53698.339271400684,42820.23205065322,47003.597417011304,51193.09405542129
2020-01-03 04:00:00,51046.82913480468,46476.19566414525,55215.86912179214,43807.976513123635,57577.72699505114,46476.19566414525,51162.90305857078,55215.86912179214
2020-01-03 05:00:00,55456.7579549362,51047.59781705712,59684.896094932665,48922.91557953297,62216.803523886236,51047.59781705712,55599.62574971994,59684.896094932665
2020-01-03 06:00:00,59217.11648759813,55125.97074196365,63931.646423505175,52945.56333195316,66360.20153845719,55125.97074196365,59543.09300173375,63931.646423505175
2020-01-03 07:00:00,61779.92161395439,57364.896005435614,66176.1267589745,54674.34249179675,68648.91190363519,57364.896005435614,61961.745983241766,66176.1267589745
2020-01-03 08:00:00,63227.79295358819,59161.681932949046,67675.97697735728,56453.04992661619,70094.09575984658,59161.681932949046,63150.89778867199,67675.97697735728
2020-01-03 09:00:00,63878.6579543675,59186.296196797965,67790.2426040764,57148.54515961562,70001.0925997147,59186.296196797965,63666.11059408102,67790.2426040764
2020-01-03 10:00:00,63864.35353849089,59738.17621432889,67939.73430451631,57070.78342981486,70637.68608093238,59738.17621432889,63622.27560592114,67939.73430451631
2020-01-03 11:00:00,63119.48779056895,59385.54146134318,67182.27308697424,57070.03620309755,69461.4699641206,59385.54146134318,63147.6830294107,67182.27308697424
2020-01-03 12:00:00,61740.03961010446,57657.70522887388,66418.43000510472,54970.93099263891,68506.94771505657,57657.70522887388,61940.4440778214,66418.43000510472
2020-01-03 13:00:00,60246.93627348576,55932.09068885088,64561.13700328954,53134.473777334075,66392.56795370542,55932.09068885088,60296.908678456995,64561.13700328954
2020-01-03 14:00:00,59364.70769039795,55380.81509629967,63791.975325614716,52928.08219331574,66121.99357536253,55380.81509629967,59437.937395955625,63791.975325614716
2020-01-03 15:00:00,59434.662418119224,55152.6969663183,63683.5077414726,52779.306701459594,66506.04862090231,55152.6969663183,59351.304379182686,63683.5077414726
2020-01-03 16:00:00,60008.985740492724,55984.55718171974,64486.03892968968,53264.24407341386,67013.83447529543,55984.55718171974,59975.94853729874,64486.03892968968
2020-01-03 17:00:00,60066.78710944112,55422.426067071036,63575.78933592131,52515.14641592542,66663.30453505968,55422.426067071036,59672.871565406735,63575.78933592131
2020-01-03 18:00:00,58732.05730457688,54661.77595041565,62832.85137480882,52734.84462662681,65632.80614950154,54661.77595041565,58414.3069574805,62832.85137480882
2020-01-03 19:00:00,55895.711474486365,50757.35897809515,60581.31412216691,48777.12265254833,62407.13099475171,50757.35897809515,55953.858962485625,60581.31412216691
2020-01-03 20:00:00,52220.791088792874,47967.43013250598,56566.08571873153,45753.40823689955,58617.887919190245,47967.43013250598,52170.799634373005,56566.08571873153
2020-01-03 21:00:00,48575.3567830629,44982.1244887381,53192.516203082116,42266.510237350085,55014.66913960827,44982.1244887381,48872.40027569122,53192.516203082116
2020-01-03 22:00:00,45447.74121309406,41125.01505066205,50044.56589621431,38756.63171224234,52418.814872344265,41125.01505066205,45343.00083974295,50044.56589621431
2020-01-03 23:00:00,42865.44252395636,38505.2882102551,47890.98081549979,35886.93580809558,50022.64373034037,38505.2882102551,42855.58075398497,47890.98081549979
2020-01-04 00:00:00,40808.72539726114,36682.45588750181,44949.77474998914,34680.83080879795,47128.44364860112,36682.45588750181,40835.705959117564,44949.77474998914
2020-01-04 01:00:00,39614.56599449687,35271.484200257815,43671.708322230465,32936.698184734225,45986.08701654969,35271.484200257815,39918.59268786892,43671.708322230465
2020-01-04 02:00:00,39893.94515997864,35088.984572499736,43655.63946050397,32760.114344487552,45961.46609561363,35088.984572499736,39565.283357255226,43655.63946050397
2020-01-04 03:00:00,41998.69956820172,37778.08985748092,46322.89928295418,35911.243421218634,48345.28037230184,37778.08985748092,42092.48267118103,46322.89928295418
2020-01-04 04:00:00,45553.84996011343,40876.10229261489,49322.77676352123,38469.94099640197,51794.39515101436,40876.10229261489,45103.2992914957,49322.77676352123
2020-01-04 05:00:00,49536.4959198278,44876.095407471155,53962.6385832577,42737.668586774846,56251.719911518136,44876.095407471155,49298.46463568721,53962.6385832577
2020-01-04 06:00:00,52868.109925723475,48866.948413505685,57493.740249539835,46354.54138614246,59571.00665301776,48866.948413505685,53060.55382369345,57493.740249539835
2020-01-04 07:00:00,55004.75477713944,50427.457679543055,59470.47839438715,47939.525764306716,61877.804961248665,50427.457679543055,54844.59502187213,59470.47839438715
2020-01-04 08:00:00,56033.286260683075,51814.7136426107,60641.453162417776,49995.711378242544,62416.334426972986,51814.7136426107,56013.39994684306,60641.453162417776
2020-01-04 09:00:00,56276.015404112964,51904.90165467873,60837.5076984532,49812.256687186906,62824.180733882,51904.90165467873,56450.98936554909,60837.5076984532
2020-01-04 10:00:00,55869.264452221236,51788.73806863705,59979.12492746108,49129.60950186248,62360.65180551072,51788.73806863705,56228.14981022434,59979.12492746108
2020-01-04 11:00:00,54752.18056221149,49975.28972837625,59100.64697572721,48009.779319317764,61022.555904961526,49975.28972837625,54647.10312987308,59100.64697572721
2020-01-04 12:00:00,53025.285694204256,48951.77616926013,57390.663938617305,46106.98475551622,59704.242141102746,48951.77616926013,53003.65968510292,57390.663938617305
2020-01-04 13:00:00,51214.00321769592,46827.616329151955,55526.28242579643,44692.58936877528,57710.073169920855,46827.616329151955,51240.53228090772,55526.28242579643
2020-01-04 14:00:00,50047.260619282795,45963.290458094205,54191.16425098952,43494.45362268075,56067.78230205208,45963.290458094205,49926.074860822235,54191.16425098952
2020-01-04 15:00:00,49870.613986346114,45343.80251792948,54152.141537408665,43113.83959959615,56456.691870439834,45343.80251792948,49719.972770668435,54152.141537408665
2020-01-04 16:00:00,50240.295193724254,45736.758005075906,54073.66848787887,44182.85118590801,56634.037174405195,45736.758005075906,50136.78130759219,54073.66848787887
2020-01-04 17:00:00,50139.20970719596,45870.33179216944,54630.951801024385,43543.70576541938,57138.83872320137,45870.33179216944,50192.69515532968,54630.951801024385
2020-01-04 18:00:00,48694.84596836339,44432.67336520446,52998.44119281778,42046.92532363062,54666.451873250066,44432.67336520446,48696.79964999427,52998.44119281778
2020-01-04 19:00:00,45801.27311622805,41269.59408666674,50225.459669877455,39138.66491309495,52749.29708192616,41269.59408666674,45731.65388499749,50225.459669877455
2020-01-04 20:00:00,42124.30064164709,38082.217445658905,46723.42944295647,35653.57899344077,49465.65864408501,38082.217445658905,42196.214240706366,46723.42944295647
2020-01-04 21:00:00,38534.33249440558,33981.48736512081,42721.53670151971,31676.385914440576,44712.2320060161,33981.48736512081,38556.68720790696,42721.53670151971
2020-01-04 22:00:00,35521.58525712411,31081.841535090905,39358.566465259966,28197.094971114773,41967.23762935905,31081.841535090905,35402.86259859621,39358.566465259966
2020-01-04 23:00:00,33114.95144678247,28599.787179180996,37590.74283165664,25968.341910940424,39566.294571184626,28599.787179180996,33225.58563805402,37590.74283165664
2020-01-05 00:00:00,31295.575311924225,27143.566389846674,35985.51670751191,24956.247787375323,38107.46386012015,27143.566389846674,31258.500298667714,35985.51670751191
2020-01-05 01:00:00,30400.777792045425,26097.273918031216,34972.01088435717,24090.00990779408,37437.00692612706,26097.273918031216,30498.584453714906,34972.01088435717
2020-01-05 02:00:00,31041.335293463482,26092.638095638646,35695.4261971727,24030.373054583375,37599.71233155222,26092.638095638646,30947.82177882456,35695.4261971727
2020-01-05 03:00:00,33568.32219239048,28808.65457565102,38295.653448989004,26619.512594594384,40186.28558775456,28808.65457565102,33568.71020699696,38295.653448989004
2020-01-05 04:00:00,37605.43636791648,32907.788857288935,41837.126542938204,30444.42598967321,44039.73587382074,32907.788857288935,37478.02279195949,41837.126542938204
2020-01-05 05:00:00,42127.897308948166,37603.81184034293,46197.32249635967,35219.924510995144,49127.97841369796,37603.81184034293,42126.16278691872,46197.32249635967
2020-01-05 06:00:00,46054.749548681415,41642.8677136034,50306.81959601612,39258.63561137936,52817.734989357625,41642.8677136034,45998.44029092019,50306.81959601612
2020-01-05 07:00:00,48839.09547415744,43801.93526404148,53039.82375791951,41345.03376771112,55459.79334921035,43801.93526404148,48515.11551767205,53039.82375791951
2020-01-05 08:00:00,50564.319258111034,46346.20951452374,54809.94634326438,43140.181578856405,56487.213814680144,46346.20951452374,50391.18339807585,54809.94634326438
2020-01-05 09:00:00,51548.77606759908,47116.448623594326,55583.93508053348,44755.98771255559,58089.977218567394,47116.448623594326,51467.768263687365,55583.93508053348
2020-01-05 10:00:00,51924.38042365918,47225.956935178474,56358.455835210225,45036.72894333096,59040.71359073819,47225.956935178474,51759.8852179103,56358.455835210225
2020-01-05 11:00:00,51625.45738983208,47268.190998478225,55879.29304224829,45332.011195694075,58204.14288703405,47268.190998478225,51576.788407663975,55879.29304224829
2020-01-05 12:00:00,50747.33467787402,46339.860807869016,55332.29118858785,43930.90182859569,57320.67262745942,46339.860807869016,50855.905894398245,55332.29118858785
2020-01-05 13:00:00,49809.91575152589,45636.93966055897,54030.502518958485,43072.16877451525,56075.193551196,45636.93966055897,49913.983301041546,54030.502518958485
2020-01-05 14:00:00,49536.33282087193,45257.16384490748,53820.47671400521,42885.608507951125,56416.8070700501,45257.16384490748,49422.870462517036,53820.47671400521
2020-01-05 15:00:00,50266.12486324072,46026.417713927374,54582.359733174184,43613.8584287331,56758.21690632587,46026.417713927374,50217.49794117198,54582.359733174184
2020-01-05 16:00:00,51549.341018240324,46931.65781307602,55990.66088502086,44465.78920766156,58149.38602102388,46931.65781307602,51449.28443069539,55990.66088502086
2020-01-05 17:00:00,52362.59666046911,47749.152317457,56703.063145481654,45184.24608671248,58564.54734151164,47749.152317457,52223.86480698155,56703.063145481654
2020-01-05 18:00:00,51827.04247707639,47053.281103545516,56067.74494920546,45159.08037052958,58062.411866125185,47053.281103545516,51570.76887169008,56067.74494920546
2020-01-05 19:00:00,49830.42264937689,45779.51578558459,54453.16676046566,43944.794120343184,56490.91139675795,45779.51578558459,49802.16721915116,54453.16676046566
2020-01-05 20:00:00,47032.29506878427,42358.57703282743,51477.25598024536,41047.916988307355,54507.81874511473,42358.57703282743,47062.12361935571,51477.25598024536
2020-01-05 21:00:00,44296.94544031727,40098.63801698719,48862.843441808254,38366.93542656648,50942.31720304497,40098.63801698719,44468.67382475429,48862.843441808254
2020-01-05 22:00:00,42108.664219319864,37660.76913372419,46356.83259892384,35177.74650343493,48072.33967559689,37660.76913372419,42228.21339139617,46356.83259892384
2020-01-05 23:00:00,40490.66679785307,35981.93139478704,44971.69908442746,33636.075663665746,47086.39060734194,35981.93139478704,40471.43609327919,44971.69908442746
2020-01-06 00:00:00,39418.72367563301,35156.97501989135,43871.91779218673,32953.17877884172,45574.11640723016,35156.97501989135,39572.01906155798,43871.91779218673
2020-01-06 01:00:00,39225.13668073466,34458.98155094453,43896.35407330365,31735.57679427048,45738.14324524817,34458.98155094453,39187.18581708326,43896.35407330365
2020-01-06 02:00:00,40516.065330161204,36271.219307388004,44773.206472979735,34409.040888398566,47322.00897779149,36271.219307388004,40868.85389885181,44773.206472979735
2020-01-06 03:00:00,43638.412715882056,39581.016321732066,48154.19246110137,36757.37475118711,50020.24522903499,39581.016321732066,43944.65349839436,48154.19246110137
2020-01-06 04:00:00,48212.18974308031,44235.5307523155,52531.04537421135,41679.91192877994,55243.65648536261,44235.5307523155,48675.86781831688,52531.04537421135
2020-01-06 05:00:00,53209.44684401002,48950.74776926898,57863.497810711604,46496.000872037795,60265.69385852604,48950.74776926898,53324.91548355814,57863.497810711604
2020-01-06 06:00:00,57546.60555729018,53353.7237579779,61825.89214989557,50892.55708456122,63390.36072224466,53353.7237579779,57677.74244299649,61825.89214989557
2020-01-06 07:00:00,60674.71372002932,56495.32357080535,65073.01897071149,54459.38345976947,66732.30406729144,56495.32357080535,60520.968430275665,65073.01897071149
2020-01-06 08:00:00,62675.6857872448,58464.872487400964,67003.20352837793,56498.27905233066,69624.26764043838,58464.872487400964,62505.29812372952,67003.20352837793
2020-01-06 09:00:00,63867.00226866299,59292.23623856745,67902.47123934637,57184.23149095397,69924.19066986167,59292.23623856745,63808.33693373864,67902.47123934637
2020-01-06 10:00:00,64380.30206377056,60253.005341445845,69075.4699090145,57855.97175600216,71308.38890608127,60253.005341445845,64432.65860040278,69075.4699090145
2020-01-06 11:00:00,64150.23135238782,60140.44794811873,68254.55276989442,58091.333496848165,70650.13058751482,60140.44794811873,64110.60941319832,68254.55276989442
2020-01-06 12:00:00,63273.02717976777,59168.36552239146,67741.82998631397,56931.406802564554,70011.72702970258,59168.36552239146,63335.22188940941,67741.82998631397
2020-01-06 13:00:00,62270.07594030957,58096.83364167601,66591.82342388404,56137.12269994893,68774.56263723785,58096.83364167601,62463.06626222706,66591.82342388404
2020-01-06 14:00:00,61866.54584389442,57551.11265465948,66304.87711673914,55189.2891382123,68348.0531088644,57551.11265465948,61990.0271723744,66304.87711673914
2020-01-06 15:00:00,62404.53876145642,58586.58422742107,66618.63614517759,56265.681951235005,68282.05743546439,58586.58422742107,62559.93882505037,66618.63614517759
2020-01-06 16:00:00,63437.162120415844,59017.14306705092,67821.47085793078,56810.93869844758,70582.43169786665,59017.14306705092,63151.03624472263,67821.47085793078
2020-01-06 17:00:00,63944.54853822672,59848.19226557058,68385.8952777668,57850.15558434633,70393.5553050443,59848.19226557058,64438.78826319312,68385.8952777668
2020-01-06 18:00:00,63051.78395974118,58725.9334231856,67748.60418375622,56538.52080263485,69588.7884684793,58725.9334231856,62892.80835907766,67748.60418375622
2020-01-06 19:00:00,60650.92088640969,56035.037448434916,65151.4288728413,53989.35283648231,67654.10835863091,56035.037448434916,60380.48347380841,65151.4288728413
2020-01-06 20:00:00,57406.15016266087,53095.00641679085,61721.36539689279,50597.716381229526,64180.24832677778,53095.00641679085,57638.97668170296,61721.36539689279
2020-01-06 21:00:00,54186.66373898648,49662.479089184955,58609.75229909167,47077.04758348488,60799.92800345918,49662.479089184955,54304.29424652438,58609.75229909167
2020-01-06 22:00:00,51481.87796410831,47553.82706099363,56118.04122141576,45724.50112719385,58476.74435917947,47553.82706099363,51761.32465946417,56118.04122141576
2020-01-06 23:00:00,49320.2984408215,44853.18078430266,53474.20516847266,43073.67275729188,55077.96269237668,44853.18078430266,49164.938199319644,53474.20516847266
2020-01-07 00:00:00,47683.093824033,42742.88025298266,51623.3635630139,40885.82095958945,53743.90543871963,42742.88025298266,47328.262956362974,51623.3635630139
2020-01-07 01:00:00,46908.01527128699,42687.62776025339,51125.383343632224,40652.88863734186,54072.90335640848,42687.62776025339,46817.29348935303,51125.383343632224
2020-01-07 02:00:00,47606.6662860428,43576.2555570207,52684.37904881921,41375.16839180016,54510.63706349109,43576.2555570207,48196.346343839396,52684.37904881921
2020-01-07 03:00:00,50131.332975654484,46070.01695231927,54637.72955862978,44414.99457804628,57066.022090966646,46070.01695231927,50224.177047490455,54637.72955862978
2020-01-07 04:00:00,54107.294178921984,49590.2168705071,58445.627458301555,46732.17206597086,60787.39126776604,49590.2168705071,54322.216726422805,58445.627458301555
2020-01-07 05:00:00,58511.701187048355,53876.341288703734,62505.45763628594,51415.00885195986,64795.56782290645,53876.341288703734,58336.78475254697,62505.45763628594
2020-01-07 06:00:00,62265.86001618616,57665.92941897535,66549.31962941102,55711.68988682324,68320.90177752652,57665.92941897535,62245.4132415081,66549.31962941102
2020-01-07 07:00:00,64825.440522825375,60349.30919672415,68958.74987036685,57724.27751753865,71436.63490305592,60349.30919672415,64923.16653711619,68958.74987036685
2020-01-07 08:00:00,66276.67435948999,61983.74340555974,70738.72902261763,59613.18927616723,73214.19609873008,61983.74340555974,66281.1541280467,70738.72902261763
2020-01-07 09:00:00,66941.01621035549,62738.07786204769,71058.49710760074,59929.67926945559,72853.00053701238,62738.07786204769,66658.60530695846,71058.49710760074
2020-01-07 10:00:00,66953.70247648179,62731.98521549359,71256.75443347395,60252.96713930091,73729.41888399747,62731.98521549359,66839.19356411973,71256.75443347395
2020-01-07 11:00:00,66252.5713995477,61862.98016963303,70211.95551175438,59390.55801803163,72610.58825972259,61862.98016963303,66034.63531672559,70211.95551175438
2020-01-07 12:00:00,64936.623033736294,60415.74444114324,69265.84208730837,58242.963002667384,71317.42801292443,60415.74444114324,64638.88041933784,69265.84208730837
2020-01-07 13:00:00,63529.55947622153,59087.42262077064,68453.5187580908,57245.72004005276,70814.74096270761,59087.42262077064,63496.653958797106,68453.5187580908
2020-01-07 14:00:00,62758.40457838111,57880.101655642946,66756.09352482886,56068.29587375659,69069.55130284582,57880.101655642946,62656.04937406538,66756.09352482886
2020-01-07 15:00:00,62966.64860610414,58586.915055067846,67727.19090173868,56539.240990840495,69539.67737278902,58586.915055067846,62880.67666011147,67727.19090173868
2020-01-07 16:00:00,63708.3185225725,59081.295552579366,68177.16808980529,56514.96170368869,70130.49849832819,59081.295552579366,63793.94927552463,68177.16808980529
2020-01-07 17:00:00,63964.001516597185,59742.56401865813,68878.19329980822,57059.77786152994,72162.81377527145,59742.56401865813,64453.55784235377,68878.19329980822
2020-01-07 18:00:00,62858.78240997593,58318.15982690102,66615.6800610516,56704.14443029717,69501.44059536884,58318.15982690102,62870.40241174663,66615.6800610516
2020-01-07 19:00:00,60284.27133701384,56085.96736665582,64542.08748566583,53809.26333757352,66544.01040290379,56085.96736665582,60098.27969581709,64542.08748566583
2020-01-07 20:00:00,56903.79490223623,52565.31837557229,61371.377231961626,50793.86366305086,63654.15580440837,52565.31837557229,56998.08844295038,61371.377231961626
2020-01-07 21:00:00,53585.28292109585,49126.60761165934,57739.36767740456,46706.284695868926,59683.32379800653,49126.60761165934,53431.31603435577,57739.36767740456
2020-01-07 22:00:00,50816.519926760506,46785.853670273675,54990.814137686844,44557.08850445563,57169.316598014,46785.853670273675,50799.280059566096,54990.814137686844
2020-01-07 23:00:00,48624.042059349624,44615.82634985159,53005.7129010354,42594.77638688142,55434.80504134007,44615.82634985159,48694.413373581425,53005.7129010354
