utc_timestamp,actual_mw,forecast_mw,weekly_naive_mw,annual_naive_mw,error_mw,absolute_error_mw,absolute_percentage_error_percent
2020-01-01 00:00:00+00:00,41187.000,41248.760,38223.000,41562.000,61.760,61.760,0.150
2020-01-01 01:00:00+00:00,40398.000,40067.424,36936.000,40100.000,-330.576,330.576,0.818
2020-01-01 02:00:00+00:00,38919.000,39397.646,36637.000,38883.000,478.646,478.646,1.230
2020-01-01 03:00:00+00:00,38879.000,39570.136,36614.000,38806.000,691.136,691.136,1.778
2020-01-01 04:00:00+00:00,39162.000,39584.372,37078.000,38593.000,422.372,422.372,1.079
2020-01-01 05:00:00+00:00,37510.000,38822.304,37024.000,38140.000,1312.304,1312.304,3.499
2020-01-01 06:00:00+00:00,37892.000,38626.144,38634.000,38742.000,734.144,734.144,1.937
2020-01-01 07:00:00+00:00,38677.000,38948.432,41955.000,39256.000,271.432,271.432,0.702
2020-01-01 08:00:00+00:00,41091.000,41871.278,46241.000,42018.000,780.278,780.278,1.899
2020-01-01 09:00:00+00:00,43094.000,44507.548,48911.000,44533.000,1413.548,1413.548,3.280
2020-01-01 10:00:00+00:00,45249.000,47047.452,50798.000,47489.000,1798.452,1798.452,3.975
2020-01-01 11:00:00+00:00,46498.000,48160.730,50512.000,49261.000,1662.730,1662.730,3.576
2020-01-01 12:00:00+00:00,46328.000,48028.804,47742.000,48832.000,1700.804,1700.804,3.671
2020-01-01 13:00:00+00:00,45115.000,48140.560,46317.000,48595.000,3025.560,3025.560,6.706
2020-01-01 14:00:00+00:00,45039.000,48020.826,45547.000,48826.000,2981.826,2981.826,6.621
2020-01-01 15:00:00+00:00,47313.000,49153.648,45486.000,50626.000,1840.648,1840.648,3.890
2020-01-01 16:00:00+00:00,51194.000,50998.566,47631.000,53793.000,-195.434,195.434,0.382
2020-01-01 17:00:00+00:00,51755.000,51861.828,48297.000,54371.000,106.828,106.828,0.206
2020-01-01 18:00:00+00:00,50732.000,51295.862,47359.000,53815.000,563.862,563.862,1.111
2020-01-01 19:00:00+00:00,48591.000,49640.740,45470.000,51609.000,1049.740,1049.740,2.160
2020-01-01 20:00:00+00:00,47664.000,48298.988,44323.000,49698.000,634.988,634.988,1.332
2020-01-01 21:00:00+00:00,46994.000,46871.322,43864.000,48859.000,-122.678,122.678,0.261
2020-01-01 22:00:00+00:00,44105.000,45100.070,42040.000,46093.000,995.070,995.070,2.256
2020-01-01 23:00:00+00:00,42547.000,42711.772,38605.000,44318.000,164.772,164.772,0.387
2020-01-02 00:00:00+00:00,41194.000,43992.800,36909.000,42813.000,2798.800,2798.800,6.794
2020-01-02 01:00:00+00:00,40773.000,43489.680,36332.000,42318.000,2716.680,2716.680,6.663
2020-01-02 02:00:00+00:00,40795.000,42996.946,36001.000,41934.000,2201.946,2201.946,5.398
2020-01-02 03:00:00+00:00,41774.000,44369.398,36971.000,43607.000,2595.398,2595.398,6.213
2020-01-02 04:00:00+00:00,43961.000,47779.720,36983.000,46463.000,3818.720,3818.720,8.687
2020-01-02 05:00:00+00:00,47850.000,52929.650,36841.000,52329.000,5079.650,5079.650,10.616
2020-01-02 06:00:00+00:00,52828.000,57605.780,38525.000,57736.000,4777.780,4777.780,9.044
2020-01-02 07:00:00+00:00,56329.000,60089.340,41091.000,60956.000,3760.340,3760.340,6.676
2020-01-02 08:00:00+00:00,58780.000,62140.288,44267.000,62833.000,3360.288,3360.288,5.717
2020-01-02 09:00:00+00:00,59588.000,63778.594,46808.000,64259.000,4190.594,4190.594,7.033
2020-01-02 10:00:00+00:00,60169.000,64370.782,48752.000,65434.000,4201.782,4201.782,6.983
2020-01-02 11:00:00+00:00,60786.000,64613.886,48859.000,65705.000,3827.886,3827.886,6.297
2020-01-02 12:00:00+00:00,60272.000,63940.906,47162.000,64849.000,3668.906,3668.906,6.087
2020-01-02 13:00:00+00:00,59483.000,63072.786,45890.000,63278.000,3589.786,3589.786,6.035
2020-01-02 14:00:00+00:00,59173.000,63132.738,45970.000,63354.000,3959.738,3959.738,6.692
2020-01-02 15:00:00+00:00,60091.000,63897.992,47567.000,64290.000,3806.992,3806.992,6.335
2020-01-02 16:00:00+00:00,62599.000,65738.438,49325.000,68262.000,3139.438,3139.438,5.015
2020-01-02 17:00:00+00:00,62923.000,65784.712,49152.000,68159.000,2861.712,2861.712,4.548
2020-01-02 18:00:00+00:00,61932.000,64623.360,48165.000,66061.000,2691.360,2691.360,4.346
2020-01-02 19:00:00+00:00,58422.000,61829.704,46401.000,62543.000,3407.704,3407.704,5.833
2020-01-02 20:00:00+00:00,55661.000,57877.304,46178.000,59581.000,2216.304,2216.304,3.982
2020-01-02 21:00:00+00:00,54103.000,56496.008,45993.000,57599.000,2393.008,2393.008,4.423
2020-01-02 22:00:00+00:00,50732.000,52814.906,42662.000,53280.000,2082.906,2082.906,4.106
2020-01-02 23:00:00+00:00,47641.000,49465.684,39888.000,49918.000,1824.684,1824.684,3.830
2020-01-03 00:00:00+00:00,46071.000,48182.428,38475.000,48638.000,2111.428,2111.428,4.583
2020-01-03 01:00:00+00:00,45485.000,47941.914,37791.000,48082.000,2456.914,2456.914,5.402
2020-01-03 02:00:00+00:00,45301.000,47713.114,37799.000,47861.000,2412.114,2412.114,5.325
2020-01-03 03:00:00+00:00,46070.000,48678.482,38745.000,48411.000,2608.482,2608.482,5.662
2020-01-03 04:00:00+00:00,47894.000,50866.696,39944.000,50986.000,2972.696,2972.696,6.207
2020-01-03 05:00:00+00:00,51787.000,55971.648,42398.000,55857.000,4184.648,4184.648,8.080
2020-01-03 06:00:00+00:00,55935.000,61424.720,46574.000,60948.000,5489.720,5489.720,9.814
2020-01-03 07:00:00+00:00,59496.000,63959.034,50036.000,64162.000,4463.034,4463.034,7.501
2020-01-03 08:00:00+00:00,60888.000,65301.100,52587.000,65966.000,4413.100,4413.100,7.248
2020-01-03 09:00:00+00:00,61751.000,66058.052,54000.000,66379.000,4307.052,4307.052,6.975
2020-01-03 10:00:00+00:00,63204.000,66528.110,54759.000,67625.000,3324.110,3324.110,5.259
2020-01-03 11:00:00+00:00,63230.000,66511.784,55273.000,67794.000,3281.784,3281.784,5.190
2020-01-03 12:00:00+00:00,61575.000,65680.170,54667.000,66551.000,4105.170,4105.170,6.667
2020-01-03 13:00:00+00:00,60449.000,64331.872,53887.000,65506.000,3882.872,3882.872,6.423
2020-01-03 14:00:00+00:00,59983.000,63675.150,53753.000,64853.000,3692.150,3692.150,6.155
2020-01-03 15:00:00+00:00,60757.000,65128.756,55131.000,65985.000,4371.756,4371.756,7.195
2020-01-03 16:00:00+00:00,62491.000,66511.676,57337.000,69210.000,4020.676,4020.676,6.434
2020-01-03 17:00:00+00:00,62157.000,65711.684,56762.000,69159.000,3554.684,3554.684,5.719
2020-01-03 18:00:00+00:00,60931.000,63856.354,55187.000,67078.000,2925.354,2925.354,4.801
2020-01-03 19:00:00+00:00,56910.000,60522.666,51828.000,63478.000,3612.666,3612.666,6.348
2020-01-03 20:00:00+00:00,53806.000,57329.738,49501.000,60663.000,3523.738,3523.738,6.549
2020-01-03 21:00:00+00:00,52540.000,55698.328,48037.000,58350.000,3158.328,3158.328,6.011
2020-01-03 22:00:00+00:00,49359.000,52591.862,45266.000,55087.000,3232.862,3232.862,6.550
2020-01-03 23:00:00+00:00,46773.000,49670.272,42462.000,51718.000,2897.272,2897.272,6.194
2020-01-04 00:00:00+00:00,45003.000,44825.922,40814.000,49157.000,-177.078,177.078,0.393
2020-01-04 01:00:00+00:00,44345.000,44742.350,40342.000,48594.000,397.350,397.350,0.896
2020-01-04 02:00:00+00:00,43801.000,44835.658,40202.000,48643.000,1034.658,1034.658,2.362
2020-01-04 03:00:00+00:00,44501.000,44942.850,40883.000,49409.000,441.850,441.850,0.993
2020-01-04 04:00:00+00:00,45049.000,44374.934,41089.000,51452.000,-674.066,674.066,1.496
2020-01-04 05:00:00+00:00,46138.000,45210.506,41373.000,56643.000,-927.494,927.494,2.010
2020-01-04 06:00:00+00:00,48876.000,48453.270,43751.000,62401.000,-422.730,422.730,0.865
2020-01-04 07:00:00+00:00,51876.000,51891.260,46965.000,65584.000,15.260,15.260,0.029
2020-01-04 08:00:00+00:00,55337.000,55647.536,50213.000,67404.000,310.536,310.536,0.561
2020-01-04 09:00:00+00:00,57584.000,56851.108,50682.000,68173.000,-732.892,732.892,1.273
2020-01-04 10:00:00+00:00,59443.000,57833.424,51465.000,68997.000,-1609.576,1609.576,2.708
2020-01-04 11:00:00+00:00,59873.000,57824.114,51386.000,69469.000,-2048.886,2048.886,3.422
2020-01-04 12:00:00+00:00,58499.000,57285.052,50320.000,68587.000,-1213.948,1213.948,2.075
2020-01-04 13:00:00+00:00,57624.000,55738.142,49026.000,67122.000,-1885.858,1885.858,3.273
2020-01-04 14:00:00+00:00,56651.000,55812.086,49858.000,66818.000,-838.914,838.914,1.481
2020-01-04 15:00:00+00:00,58144.000,57396.962,52455.000,68104.000,-747.038,747.038,1.285
2020-01-04 16:00:00+00:00,60436.000,59496.340,55652.000,69801.000,-939.660,939.660,1.555
2020-01-04 17:00:00+00:00,59971.000,59426.328,55695.000,69105.000,-544.672,544.672,0.908
2020-01-04 18:00:00+00:00,58093.000,57551.396,54137.000,66614.000,-541.604,541.604,0.932
2020-01-04 19:00:00+00:00,54603.000,53766.664,51244.000,62098.000,-836.336,836.336,1.532
2020-01-04 20:00:00+00:00,52028.000,51220.790,49084.000,59305.000,-807.210,807.210,1.551
2020-01-04 21:00:00+00:00,50722.000,51212.700,47918.000,57794.000,490.700,490.700,0.967
2020-01-04 22:00:00+00:00,47994.000,48340.880,44642.000,53664.000,346.880,346.880,0.723
2020-01-04 23:00:00+00:00,44880.000,45300.438,42135.000,50780.000,420.438,420.438,0.937
2020-01-05 00:00:00+00:00,42638.000,42394.442,40202.000,48786.000,-243.558,243.558,0.571
2020-01-05 01:00:00+00:00,41865.000,42331.240,40075.000,47649.000,466.240,466.240,1.114
2020-01-05 02:00:00+00:00,40752.000,42107.900,39498.000,47137.000,1355.900,1355.900,3.327
2020-01-05 03:00:00+00:00,40754.000,41930.844,39325.000,47921.000,1176.844,1176.844,2.888
2020-01-05 04:00:00+00:00,40409.000,41727.470,39090.000,47767.000,1318.470,1318.470,3.263
2020-01-05 05:00:00+00:00,39751.000,41425.356,38272.000,48420.000,1674.356,1674.356,4.212
2020-01-05 06:00:00+00:00,41953.000,42998.562,39156.000,50161.000,1045.562,1045.562,2.492
2020-01-05 07:00:00+00:00,43752.000,46221.184,41759.000,53621.000,2469.184,2469.184,5.644
2020-01-05 08:00:00+00:00,47044.000,49492.610,44765.000,56533.000,2448.610,2448.610,5.205
2020-01-05 09:00:00+00:00,50397.000,51572.844,46032.000,59117.000,1175.844,1175.844,2.333
2020-01-05 10:00:00+00:00,52744.000,53602.158,48260.000,60729.000,858.158,858.158,1.627
2020-01-05 11:00:00+00:00,52825.000,53773.708,49349.000,60826.000,948.708,948.708,1.796
2020-01-05 12:00:00+00:00,51568.000,52259.368,47541.000,59456.000,691.368,691.368,1.341
2020-01-05 13:00:00+00:00,50470.000,51606.502,46312.000,58131.000,1136.502,1136.502,2.252
2020-01-05 14:00:00+00:00,50177.000,51248.758,46671.000,57920.000,1071.758,1071.758,2.136
2020-01-05 15:00:00+00:00,51651.000,52805.648,49244.000,58847.000,1154.648,1154.648,2.235
2020-01-05 16:00:00+00:00,55601.000,55500.688,52332.000,61595.000,-100.312,100.312,0.180
2020-01-05 17:00:00+00:00,56412.000,55999.334,52958.000,61433.000,-412.666,412.666,0.732
2020-01-05 18:00:00+00:00,54808.000,55036.192,51943.000,59791.000,228.192,228.192,0.416
2020-01-05 19:00:00+00:00,52478.000,52374.514,49806.000,56066.000,-103.486,103.486,0.197
2020-01-05 20:00:00+00:00,50972.000,51180.362,48362.000,53525.000,208.362,208.362,0.409
2020-01-05 21:00:00+00:00,50438.000,50692.896,47950.000,52340.000,254.896,254.896,0.505
2020-01-05 22:00:00+00:00,47398.000,47607.138,45146.000,48703.000,209.138,209.138,0.441
2020-01-05 23:00:00+00:00,45225.000,44371.540,43026.000,45590.000,-853.460,853.460,1.887
2020-01-06 00:00:00+00:00,43646.000,44282.852,41138.000,43535.000,636.852,636.852,1.459
2020-01-06 01:00:00+00:00,42812.000,44077.000,40026.000,42181.000,1265.000,1265.000,2.955
2020-01-06 02:00:00+00:00,43212.000,44412.408,40194.000,41981.000,1200.408,1200.408,2.778
2020-01-06 03:00:00+00:00,44464.000,44681.812,41114.000,41903.000,217.812,217.812,0.490
2020-01-06 04:00:00+00:00,47111.000,48465.508,42845.000,41300.000,1354.508,1354.508,2.875
2020-01-06 05:00:00+00:00,51821.000,55869.458,45099.000,40917.000,4048.458,4048.458,7.812
2020-01-06 06:00:00+00:00,57075.000,63741.196,48828.000,42040.000,6666.196,6666.196,11.680
2020-01-06 07:00:00+00:00,59509.000,66299.470,51706.000,44988.000,6790.470,6790.470,11.411
2020-01-06 08:00:00+00:00,61130.000,66891.824,53959.000,48812.000,5761.824,5761.824,9.426
2020-01-06 09:00:00+00:00,62336.000,67309.446,53475.000,51933.000,4973.446,4973.446,7.978
2020-01-06 10:00:00+00:00,63191.000,66729.518,53629.000,54497.000,3538.518,3538.518,5.600
2020-01-06 11:00:00+00:00,63404.000,66705.824,54139.000,55033.000,3301.824,3301.824,5.208
2020-01-06 12:00:00+00:00,62372.000,66645.814,52653.000,53673.000,4273.814,4273.814,6.852
2020-01-06 13:00:00+00:00,61577.000,65843.878,52431.000,53219.000,4266.878,4266.878,6.929
2020-01-06 14:00:00+00:00,61264.000,65323.356,52719.000,52240.000,4059.356,4059.356,6.626
2020-01-06 15:00:00+00:00,62276.000,65714.190,54457.000,53738.000,3438.190,3438.190,5.521
2020-01-06 16:00:00+00:00,66018.000,66722.976,58272.000,57201.000,704.976,704.976,1.068
2020-01-06 17:00:00+00:00,66215.000,66991.002,58564.000,58107.000,776.002,776.002,1.172
2020-01-06 18:00:00+00:00,64831.000,65269.934,56927.000,56663.000,438.934,438.934,0.677
2020-01-06 19:00:00+00:00,61350.000,62153.928,53959.000,54371.000,803.928,803.928,1.310
2020-01-06 20:00:00+00:00,58821.000,58413.220,51937.000,52443.000,-407.780,407.780,0.693
2020-01-06 21:00:00+00:00,56577.000,55660.596,50574.000,52249.000,-916.404,916.404,1.620
2020-01-06 22:00:00+00:00,52904.000,52988.216,47382.000,49497.000,84.216,84.216,0.159
2020-01-06 23:00:00+00:00,50708.000,49979.254,44018.000,46260.000,-728.746,728.746,1.437
2020-01-07 00:00:00+00:00,49617.000,47851.600,42023.000,44304.000,-1765.400,1765.400,3.558
2020-01-07 01:00:00+00:00,48105.000,46289.218,40856.000,43691.000,-1815.782,1815.782,3.775
2020-01-07 02:00:00+00:00,48553.000,46828.074,40388.000,44287.000,-1724.926,1724.926,3.553
2020-01-07 03:00:00+00:00,50054.000,48893.362,40835.000,46200.000,-1160.638,1160.638,2.319
2020-01-07 04:00:00+00:00,53241.000,52939.748,41447.000,50649.000,-301.252,301.252,0.566
2020-01-07 05:00:00+00:00,60420.000,60508.102,41596.000,59542.000,88.102,88.102,0.146
2020-01-07 06:00:00+00:00,66527.000,66867.164,44124.000,66261.000,340.164,340.164,0.511
2020-01-07 07:00:00+00:00,69198.000,69640.128,46802.000,68960.000,442.128,442.128,0.639
2020-01-07 08:00:00+00:00,69408.000,70268.328,49456.000,69247.000,860.328,860.328,1.240
2020-01-07 09:00:00+00:00,69896.000,71030.714,50937.000,70469.000,1134.714,1134.714,1.623
2020-01-07 10:00:00+00:00,70089.000,71209.400,52026.000,71360.000,1120.400,1120.400,1.599
2020-01-07 11:00:00+00:00,69367.000,71047.934,52394.000,70861.000,1680.934,1680.934,2.423
2020-01-07 12:00:00+00:00,69465.000,70873.268,50637.000,70827.000,1408.268,1408.268,2.027
2020-01-07 13:00:00+00:00,68854.000,70452.748,49459.000,70353.000,1598.748,1598.748,2.322
2020-01-07 14:00:00+00:00,68089.000,69827.810,49378.000,69778.000,1738.810,1738.810,2.554
2020-01-07 15:00:00+00:00,68574.000,70908.834,51219.000,70582.000,2334.834,2334.834,3.405
2020-01-07 16:00:00+00:00,70914.000,72534.890,53428.000,72983.000,1620.890,1620.890,2.286
2020-01-07 17:00:00+00:00,70678.000,72057.698,52637.000,72271.000,1379.698,1379.698,1.952
2020-01-07 18:00:00+00:00,68990.000,70418.746,50151.000,69826.000,1428.746,1428.746,2.071
2020-01-07 19:00:00+00:00,65235.000,65983.228,47493.000,66773.000,748.228,748.228,1.147
2020-01-07 20:00:00+00:00,61997.000,61685.840,45842.000,63890.000,-311.160,311.160,0.502
2020-01-07 21:00:00+00:00,59030.000,59156.362,45501.000,61124.000,126.362,126.362,0.214
2020-01-07 22:00:00+00:00,55343.000,54806.216,43969.000,57444.000,-536.784,536.784,0.970
2020-01-07 23:00:00+00:00,52694.000,51800.094,42335.000,53755.000,-893.906,893.906,1.696
