utc_timestamp,actual_load_mw,forecast_load_mw,error_mw,absolute_percentage_error_percent
2020-01-01 00:00:00+00:00,41187.000,41658.055,471.055,1.144
2020-01-01 01:00:00+00:00,40398.000,40837.318,439.318,1.087
2020-01-01 02:00:00+00:00,38919.000,40476.616,1557.616,4.002
2020-01-01 03:00:00+00:00,38879.000,40493.078,1614.078,4.152
2020-01-01 04:00:00+00:00,39162.000,41466.574,2304.574,5.885
2020-01-01 05:00:00+00:00,37510.000,35306.003,-2203.997,5.876
2020-01-01 06:00:00+00:00,37892.000,37252.080,-639.920,1.689
2020-01-01 07:00:00+00:00,38677.000,38875.541,198.541,0.513
2020-01-01 08:00:00+00:00,41091.000,41679.511,588.511,1.432
2020-01-01 09:00:00+00:00,43094.000,45435.906,2341.906,5.434
2020-01-01 10:00:00+00:00,45249.000,47846.795,2597.795,5.741
2020-01-01 11:00:00+00:00,46498.000,48198.710,1700.710,3.658
2020-01-01 12:00:00+00:00,46328.000,47260.369,932.369,2.013
2020-01-01 13:00:00+00:00,45115.000,46289.598,1174.598,2.604
2020-01-01 14:00:00+00:00,45039.000,46328.892,1289.892,2.864
2020-01-01 15:00:00+00:00,47313.000,46754.606,-558.394,1.180
2020-01-01 16:00:00+00:00,51194.000,49161.270,-2032.730,3.971
2020-01-01 17:00:00+00:00,51755.000,49373.923,-2381.077,4.601
2020-01-01 18:00:00+00:00,50732.000,48853.311,-1878.689,3.703
2020-01-01 19:00:00+00:00,48591.000,46245.754,-2345.246,4.827
2020-01-01 20:00:00+00:00,47664.000,46014.644,-1649.356,3.460
2020-01-01 21:00:00+00:00,46994.000,45767.334,-1226.666,2.610
2020-01-01 22:00:00+00:00,44105.000,45680.020,1575.020,3.571
2020-01-01 23:00:00+00:00,42547.000,44217.422,1670.422,3.926
2020-01-02 00:00:00+00:00,41194.000,43086.283,1892.283,4.594
2020-01-02 01:00:00+00:00,40773.000,41639.422,866.422,2.125
2020-01-02 02:00:00+00:00,40795.000,41605.782,810.782,1.987
2020-01-02 03:00:00+00:00,41774.000,41650.137,-123.863,0.297
2020-01-02 04:00:00+00:00,43961.000,46720.182,2759.182,6.276
2020-01-02 05:00:00+00:00,47850.000,51016.776,3166.776,6.618
2020-01-02 06:00:00+00:00,52828.000,56156.051,3328.051,6.300
2020-01-02 07:00:00+00:00,56329.000,59654.504,3325.504,5.904
2020-01-02 08:00:00+00:00,58780.000,61517.086,2737.086,4.656
2020-01-02 09:00:00+00:00,59588.000,62854.223,3266.223,5.481
2020-01-02 10:00:00+00:00,60169.000,64315.406,4146.406,6.891
2020-01-02 11:00:00+00:00,60786.000,64323.124,3537.124,5.819
2020-01-02 12:00:00+00:00,60272.000,64075.373,3803.373,6.310
2020-01-02 13:00:00+00:00,59483.000,63268.335,3785.335,6.364
2020-01-02 14:00:00+00:00,59173.000,63023.834,3850.834,6.508
2020-01-02 15:00:00+00:00,60091.000,63726.153,3635.153,6.049
2020-01-02 16:00:00+00:00,62599.000,65950.672,3351.672,5.354
2020-01-02 17:00:00+00:00,62923.000,65880.881,2957.881,4.701
2020-01-02 18:00:00+00:00,61932.000,64654.361,2722.361,4.396
2020-01-02 19:00:00+00:00,58422.000,61297.175,2875.175,4.921
2020-01-02 20:00:00+00:00,55661.000,57963.128,2302.128,4.136
2020-01-02 21:00:00+00:00,54103.000,55234.150,1131.150,2.091
2020-01-02 22:00:00+00:00,50732.000,50684.787,-47.213,0.093
2020-01-02 23:00:00+00:00,47641.000,50409.476,2768.476,5.811
2020-01-03 00:00:00+00:00,46071.000,48586.802,2515.802,5.461
2020-01-03 01:00:00+00:00,45485.000,47150.243,1665.243,3.661
2020-01-03 02:00:00+00:00,45301.000,47772.811,2471.811,5.456
2020-01-03 03:00:00+00:00,46070.000,48265.789,2195.789,4.766
2020-01-03 04:00:00+00:00,47894.000,52781.886,4887.886,10.206
2020-01-03 05:00:00+00:00,51787.000,56364.534,4577.534,8.839
2020-01-03 06:00:00+00:00,55935.000,61029.172,5094.172,9.107
2020-01-03 07:00:00+00:00,59496.000,64237.440,4741.440,7.969
2020-01-03 08:00:00+00:00,60888.000,64805.702,3917.702,6.434
2020-01-03 09:00:00+00:00,61751.000,65389.401,3638.401,5.892
2020-01-03 10:00:00+00:00,63204.000,66444.211,3240.211,5.127
2020-01-03 11:00:00+00:00,63230.000,65667.841,2437.841,3.856
2020-01-03 12:00:00+00:00,61575.000,65116.363,3541.363,5.751
2020-01-03 13:00:00+00:00,60449.000,63929.124,3480.124,5.757
2020-01-03 14:00:00+00:00,59983.000,63956.756,3973.756,6.625
2020-01-03 15:00:00+00:00,60757.000,64556.503,3799.503,6.254
2020-01-03 16:00:00+00:00,62491.000,66722.556,4231.556,6.771
2020-01-03 17:00:00+00:00,62157.000,66106.125,3949.125,6.353
2020-01-03 18:00:00+00:00,60931.000,63550.610,2619.610,4.299
2020-01-03 19:00:00+00:00,56910.000,59072.067,2162.067,3.799
2020-01-03 20:00:00+00:00,53806.000,56962.949,3156.949,5.867
2020-01-03 21:00:00+00:00,52540.000,53303.170,763.170,1.453
2020-01-03 22:00:00+00:00,49359.000,51298.106,1939.106,3.929
2020-01-03 23:00:00+00:00,46773.000,46985.317,212.317,0.454
2020-01-04 00:00:00+00:00,45003.000,45432.565,429.565,0.955
2020-01-04 01:00:00+00:00,44345.000,44123.913,-221.087,0.499
2020-01-04 02:00:00+00:00,43801.000,43869.710,68.710,0.157
2020-01-04 03:00:00+00:00,44501.000,44309.679,-191.321,0.430
2020-01-04 04:00:00+00:00,45049.000,44983.487,-65.513,0.145
2020-01-04 05:00:00+00:00,46138.000,44733.418,-1404.582,3.044
2020-01-04 06:00:00+00:00,48876.000,47507.289,-1368.711,2.800
2020-01-04 07:00:00+00:00,51876.000,49839.803,-2036.197,3.925
2020-01-04 08:00:00+00:00,55337.000,54646.614,-690.386,1.248
2020-01-04 09:00:00+00:00,57584.000,55988.043,-1595.957,2.772
2020-01-04 10:00:00+00:00,59443.000,57018.907,-2424.093,4.078
2020-01-04 11:00:00+00:00,59873.000,57011.113,-2861.887,4.780
2020-01-04 12:00:00+00:00,58499.000,56361.258,-2137.742,3.654
2020-01-04 13:00:00+00:00,57624.000,53190.711,-4433.289,7.693
2020-01-04 14:00:00+00:00,56651.000,53581.339,-3069.661,5.419
2020-01-04 15:00:00+00:00,58144.000,56221.549,-1922.451,3.306
2020-01-04 16:00:00+00:00,60436.000,59415.994,-1020.006,1.688
2020-01-04 17:00:00+00:00,59971.000,59411.498,-559.502,0.933
2020-01-04 18:00:00+00:00,58093.000,57263.342,-829.658,1.428
2020-01-04 19:00:00+00:00,54603.000,53700.195,-902.805,1.653
2020-01-04 20:00:00+00:00,52028.000,51407.351,-620.649,1.193
2020-01-04 21:00:00+00:00,50722.000,50225.558,-496.442,0.979
2020-01-04 22:00:00+00:00,47994.000,48222.797,228.797,0.477
2020-01-04 23:00:00+00:00,44880.000,44735.422,-144.578,0.322
2020-01-05 00:00:00+00:00,42638.000,42556.577,-81.423,0.191
2020-01-05 01:00:00+00:00,41865.000,41634.415,-230.585,0.551
2020-01-05 02:00:00+00:00,40752.000,41205.714,453.714,1.113
2020-01-05 03:00:00+00:00,40754.000,41350.064,596.064,1.463
2020-01-05 04:00:00+00:00,40409.000,41264.207,855.207,2.116
2020-01-05 05:00:00+00:00,39751.000,40401.871,650.871,1.637
2020-01-05 06:00:00+00:00,41953.000,42056.028,103.028,0.246
2020-01-05 07:00:00+00:00,43752.000,45551.811,1799.811,4.114
2020-01-05 08:00:00+00:00,47044.000,49130.147,2086.147,4.434
2020-01-05 09:00:00+00:00,50397.000,50939.336,542.336,1.076
2020-01-05 10:00:00+00:00,52744.000,52336.407,-407.593,0.773
2020-01-05 11:00:00+00:00,52825.000,53462.896,637.896,1.208
2020-01-05 12:00:00+00:00,51568.000,50710.144,-857.856,1.664
2020-01-05 13:00:00+00:00,50470.000,51290.537,820.537,1.626
2020-01-05 14:00:00+00:00,50177.000,50294.000,117.000,0.233
2020-01-05 15:00:00+00:00,51651.000,51937.386,286.386,0.554
2020-01-05 16:00:00+00:00,55601.000,56689.670,1088.670,1.958
2020-01-05 17:00:00+00:00,56412.000,56861.135,449.135,0.796
2020-01-05 18:00:00+00:00,54808.000,55029.005,221.005,0.403
2020-01-05 19:00:00+00:00,52478.000,52212.286,-265.714,0.506
2020-01-05 20:00:00+00:00,50972.000,51015.060,43.060,0.084
2020-01-05 21:00:00+00:00,50438.000,50357.764,-80.236,0.159
2020-01-05 22:00:00+00:00,47398.000,47988.002,590.002,1.245
2020-01-05 23:00:00+00:00,45225.000,46388.499,1163.499,2.573
2020-01-06 00:00:00+00:00,43646.000,44078.466,432.466,0.991
2020-01-06 01:00:00+00:00,42812.000,42884.080,72.080,0.168
2020-01-06 02:00:00+00:00,43212.000,43207.961,-4.039,0.009
2020-01-06 03:00:00+00:00,44464.000,44784.266,320.266,0.720
2020-01-06 04:00:00+00:00,47111.000,47954.158,843.158,1.790
2020-01-06 05:00:00+00:00,51821.000,54957.887,3136.887,6.053
2020-01-06 06:00:00+00:00,57075.000,62816.860,5741.860,10.060
2020-01-06 07:00:00+00:00,59509.000,64079.023,4570.023,7.680
2020-01-06 08:00:00+00:00,61130.000,64907.434,3777.434,6.179
2020-01-06 09:00:00+00:00,62336.000,65557.073,3221.073,5.167
2020-01-06 10:00:00+00:00,63191.000,66405.374,3214.374,5.087
2020-01-06 11:00:00+00:00,63404.000,66365.599,2961.599,4.671
2020-01-06 12:00:00+00:00,62372.000,65797.247,3425.247,5.492
2020-01-06 13:00:00+00:00,61577.000,64974.156,3397.156,5.517
2020-01-06 14:00:00+00:00,61264.000,65223.321,3959.321,6.463
2020-01-06 15:00:00+00:00,62276.000,64451.779,2175.779,3.494
2020-01-06 16:00:00+00:00,66018.000,67236.003,1218.003,1.845
2020-01-06 17:00:00+00:00,66215.000,67026.425,811.425,1.225
2020-01-06 18:00:00+00:00,64831.000,65657.250,826.250,1.274
2020-01-06 19:00:00+00:00,61350.000,60101.376,-1248.624,2.035
2020-01-06 20:00:00+00:00,58821.000,57721.277,-1099.723,1.870
2020-01-06 21:00:00+00:00,56577.000,54182.243,-2394.757,4.233
2020-01-06 22:00:00+00:00,52904.000,50759.096,-2144.904,4.054
2020-01-06 23:00:00+00:00,50708.000,49461.612,-1246.388,2.458
2020-01-07 00:00:00+00:00,49617.000,47489.930,-2127.070,4.287
2020-01-07 01:00:00+00:00,48105.000,46247.632,-1857.368,3.861
2020-01-07 02:00:00+00:00,48553.000,46425.960,-2127.040,4.381
2020-01-07 03:00:00+00:00,50054.000,47171.329,-2882.671,5.759
2020-01-07 04:00:00+00:00,53241.000,52537.946,-703.054,1.321
2020-01-07 05:00:00+00:00,60420.000,59170.367,-1249.633,2.068
2020-01-07 06:00:00+00:00,66527.000,64724.032,-1802.968,2.710
2020-01-07 07:00:00+00:00,69198.000,68323.890,-874.110,1.263
2020-01-07 08:00:00+00:00,69408.000,69318.765,-89.235,0.129
2020-01-07 09:00:00+00:00,69896.000,70106.362,210.362,0.301
2020-01-07 10:00:00+00:00,70089.000,68771.237,-1317.763,1.880
2020-01-07 11:00:00+00:00,69367.000,69095.373,-271.627,0.392
2020-01-07 12:00:00+00:00,69465.000,69125.555,-339.445,0.489
2020-01-07 13:00:00+00:00,68854.000,68652.790,-201.210,0.292
2020-01-07 14:00:00+00:00,68089.000,68495.522,406.522,0.597
2020-01-07 15:00:00+00:00,68574.000,69801.912,1227.912,1.791
2020-01-07 16:00:00+00:00,70914.000,69869.196,-1044.804,1.473
2020-01-07 17:00:00+00:00,70678.000,70489.439,-188.561,0.267
2020-01-07 18:00:00+00:00,68990.000,70133.682,1143.682,1.658
2020-01-07 19:00:00+00:00,65235.000,66754.116,1519.116,2.329
2020-01-07 20:00:00+00:00,61997.000,60434.727,-1562.273,2.520
2020-01-07 21:00:00+00:00,59030.000,58879.279,-150.721,0.255
2020-01-07 22:00:00+00:00,55343.000,55425.514,82.514,0.149
2020-01-07 23:00:00+00:00,52694.000,50464.232,-2229.768,4.232
